iIdEspecialidad,siTratamiento,iIdTratamientoDetalle,vcodigo,vDescripcion,dValorTratamiento,bEstado
1,1,1,01.001.0001, APERTURA FICHA  CONSULTA (SUBSECUENTE),20,1
1,2,2,01.002.0001,CONSULTA Y EXAMINARLO (SUBSECUENTE),10,1
1,3,3,01.003.0001,CONSULTA  EXMINAR Y RX,15,1
1,4,4,01.004.0001,T. E. POR PULIDA POR FRACTURA,10,1
1,5,5,01.005.0001,T. E.PERIODONTAL,10,1
1,6,6,01.006.0001,T. E. PULIR FRACTURA,10,1
1,7,7,01.007.0001,T. E. PEGAR DIENTE  CORONA  POSTE(PROVISIONAL) POR PIEZA,10,1
1,8,8,01.008.0001,T. E. REPARACION PROTESIS(ACRILICO RAPIDO),10,1
1,9,9,01.009.0001,T. E. REPARACION PROTESIS PEGA DIENTE,20,1
1,10,10,01.010.0001,T. E. TRAUMATISMO FERULIZACION (DIENTE),20,1
1,11,11,01.011.0001,T. E. COLOCACION DE FERULA,40,1
2,1,12,02.001.0001,Eliminación de Caries obturación y pulida,20,1
2,2,13,02.002.0001,Restauración y pulida,20,1
2,3,14,02.003.0001,Restauración y pulida,20,1
2,4,15,02.004.0001,Eliminación de caries y pulida,20,1
2,5,16,02.005.0001,Eliminación de caries y pulida,20,1
2,6,17,02.006.0001,Restauración y Pulida,20,1
2,7,18,02.007.0001,Eliminación de caries  obturación,25,1
2,7,19,02.007.0002,Pulida,0,1
2,8,20,02.008.0001,Eliminación de caries  obturación,20,1
2,8,21,02.008.0002,Control y Pasta,0,1
2,9,22,02.009.0001,Eliminación de caries  obturación,20,1
2,9,23,02.009.0002,Control y Pasta,0,1
2,10,24,02.010.0001,Eliminación de caries y obturación,20,1
2,10,25,02.010.0002,Contro y Pasta,0,1
2,11,26,02.011.0001,Eliminación de caries y obturación,20,1
2,11,27,02.011.0002,Control y Pasta,0,1
2,12,28,02.012.0001,Eliminación de caries y obturación,20,1
2,12,29,02.012.0002,Control y Pasta,0,1
2,13,30,02.013.0001,Eliminación de caries y medicación,30,1
2,13,31,02.013.0002,Obturación,0,1
2,13,32,02.013.0003,Pulida,0,1
2,14,33,02.014.0001,Eliminación de caries y medicación,40,1
2,14,34,02.014.0002,Obturación,0,1
2,14,35,02.014.0003,Pulida,0,1
2,15,36,02.015.0001,Eliminacion de caries y medicacion,30,1
2,15,37,02.015.0002,Obturacion,0,1
2,15,38,02.015.0003,Pulida,0,1
2,16,39,02.016.0001,Tallado en la cavidad y Toma de impresión,80,1
2,16,40,02.016.0002,Prueba,0,1
2,16,41,02.016.0003,Cementación y pulida,0,1
2,17,42,02.017.0001,Tallado en la cavidad y Toma de impresión,30,1
2,17,43,02.017.0002,Cementación y pulida,10,1
2,18,44,02.018.0001,Eliminación de caries y obturación,15,1
2,19,45,02.019.0001,Eliminación de caries y obturación,20,1
2,20,46,02.020.0001,Eliminación de caries y obturación,10,1
2,21,47,02.021.0001,Eliminación de caries y obturación,20,1
2,22,48,02.022.0001,Sellante y Cariostatico x arcada,20,1
2,22,49,02.022.0002,Control ,0,1
2,23,50,02.023.0001,Tallado de la cavidad  Toma de impresión  provisional,50,1
2,23,51,02.023.0002,Cementación y pulida,0,1
3,1,52,03.001.0001,Primera Sesion,40,1
3,1,53,03.001.0002,Segunda Sesion,40,1
3,1,54,03.001.0003,Tercera Sesion,20,1
3,2,55,03.002.0001,Primera Sesion,40,1
3,2,56,03.002.0002,Segunda Sesion,40,1
3,2,57,03.002.0003,Tercera Sesion,20,1
3,3,58,03.003.0001,Unica Sesion,50,1
3,4,59,03.004.0001,Recromia en diente Unica Sesion,10,1
3,4,60,03.004.0002,,0,1
3,4,61,03.004.0003,,0,1
3,5,62,03.005.0001,Preparación del diente  carilla,100,1
3,5,63,03.005.0002,Pulida,50,1
3,6,64,03.006.0001,Preparación del diente  carilla,120,1
3,6,65,03.006.0002,Pulida,0,1
3,7,66,03.007.0001,Preparación del diente  carilla,35,1
3,7,67,03.007.0002,Pulida,15,1
3,8,68,03.008.0001,Preparación del diente  carilla,55,1
3,8,69,03.008.0002,Pulida,25,1
3,9,70,03.009.0001,Restauración,40,1
3,10,71,03.010.0001,Preparación del diente y restauración,15,1
3,10,72,03.010.0002,Pulida,5,1
3,11,73,03.011.0001,Impresión para estudio,300,1
3,11,74,03.011.0002,Preparación del diente  Impresión  provisionales,0,1
3,11,75,03.011.0003,Cementación y Pulida,0,1
3,12,76,03.012.0001,Preparación del diente  Impresión  provisionales,40,1
3,12,77,03.012.0002,Cementación y Pulida,40,1
4,1,78,04.001.0001,Exodoncia Temporarios Anteriores,30,1
4,2,79,04.002.0001,Exodoncia Dientes Permanente Simple,30,1
4,3,80,04.003.0001,Exodoncia Dientes Permanentes Compleja,50,1
4,4,81,04.004.0001,Exodoncia de Restos Radiculares,25,1
4,5,82,04.005.0001,Exodoncia Multiple 1-2,40,1
4,6,83,04.006.0001,Exodoncia Multiple 1-4,80,1
4,7,84,04.007.0001,Exodoncia Dientes permanentes con odontoseccion y Sutura,80,1
4,8,85,04.008.0001,Exodoncia 3eros. Molares Erupcionados,40,1
4,9,86,04.009.0001,Cirugia Para Exodoncia 3eros. Molares u otros,80,1
4,10,87,04.010.0001,Cirugia Para Exodoncia 3eros. Molares u otros,100,1
4,11,88,04.011.0001,Cirugia Para Exodoncia 3eros. Molares u otros,120,1
4,12,89,04.012.0001,Apicectomia Uniradicular,250,1
4,13,90,04.013.0001,Frenectomia (Labial Superior/Lingual),200,1
4,14,91,04.014.0001,Regulación Alveolar por cuadrante,50,1
4,15,92,04.015.0001,Torus Palatino o Lingual,250,1
4,16,93,04.016.0001,Cirugia de Supernumerarios Simple,150,1
4,17,94,04.017.0001,Cirugia de Supernumerarios Compuesta,350,1
4,18,95,04.018.0001,Cirugia para Abordar diente retenido con osteotomia,150,1
4,19,96,04.019.0001,Cirugia para tratamiento alveolites,70,1
5,1,97,05.001.0001,Limpieza simple y fluorización (niños),20,1
5,2,98,05.002.0001,Limpieza Basica Parcial (protesis),20,1
5,2,99,05.002.0002,,0,1
5,3,100,05.003.0001,Limpieza Compleja Completa (Unica Sesión),40,1
5,3,101,05.003.0002,Limpieza 2da. Sesión,0,1
5,3,102,05.003.0003,Limpieza 3era. Sesión,0,1
5,4,103,05.004.0001,Limpieza General y medicación,25,1
5,4,104,05.004.0002,Limpieza de 2da. Sesión,15,1
5,4,105,05.004.0003,Limpieza de 3era.. Sesión,10,1
5,5,106,05.005.0001,Preparación  ferulización y pulida,50,1
7,1,107,07.001.0001,T.C. Pulpotomia Temporario Uniradiculares,50,1
7,2,108,07.002.0001,T.C. Pulpotomia Temporario Multiradiculares,80,1
7,3,109,07.003.0001,Apertura Conductometria,80,1
7,3,110,07.003.0002,Obturación,0,1
7,4,111,07.004.0001,Apertura Conductometria,90,1
7,4,112,07.004.0002,Obturación,0,1
7,5,113,07.005.0001,Apertura Conductometria,120,1
7,5,114,07.005.0002,Limado,0,1
7,5,115,07.005.0003,Obturación,0,1
7,6,116,07.006.0001,Apertura Conductometria,100,1
8,3,418,08.003.0003,Control o prueba,0,1
7,6,117,07.006.0002,Limado,0,1
7,6,118,07.006.0003,Obturación,30,1
7,7,119,07.007.0001,Apertura Conductometria,100,1
7,7,120,07.007.0002,Limado,0,1
7,7,121,07.007.0003,Obturación,50,1
7,8,122,07.008.0001,Consulta extra endodoncia,20,1
7,9,123,07.009.0001,T.C. Inducción al cierre aplical x sesión,50,1
7,10,124,07.010.0001,Perforación corona de metal,20,1
7,11,125,07.011.0001,Vaciado de conducto por sesión,30,1
8,1,126,08.001.0001,Preparación del espacio  impresión,100,1
8,1,127,08.001.0002,Entrega de Trabajo,80,1
8,2,128,08.002.0001,Preparación del espacio  impresión,100,1
8,2,129,08.002.0002,Entrega de Trabajo,80,1
8,3,130,08.003.0001,Preparación del espacio  impresión,180,1
8,3,131,08.003.0002,Entrega de Trabajo,100,1
8,4,132,08.004.0001,Preparación del espacio  impresión,100,1
8,4,133,08.004.0002,Entrega de Trabajo,80,1
8,5,134,08.005.0001,Preparación del espacio  impresión,150,1
8,5,135,08.005.0002,Entrega de Trabajo,100,1
8,6,136,08.006.0001,Preparación del espacio  impresión,100,1
8,6,137,08.006.0002,Entrega de Trabajo,80,1
8,7,138,08.007.0001,Preparación del espacio  impresión,180,1
8,7,139,08.007.0002,Prueba,100,1
8,7,140,08.007.0003,Entrega de Trabajo,0,1
8,8,141,08.008.0001,Preparación del espacio  impresión,300,1
8,8,142,08.008.0002,Prueba,150,1
8,8,143,08.008.0003,Entrega de Trabajo,0,1
8,9,144,08.009.0001,Preparación del espacio  impresión,200,1
8,9,145,08.009.0002,Prueba,75,1
8,9,146,08.009.0003,Entrega de Trabajo,75,1
8,10,147,08.010.0001,Impresión ,150,1
8,10,148,08.010.0002,Mordida,100,1
8,10,149,08.010.0003,Prueba,0,1
8,10,150,08.010.0004,Entrega de Trabajo,0,1
8,11,151,08.011.0001,Preparación del espacio  impresión y mordida,450,1
8,11,152,08.011.0002,Prueba,100,1
8,11,153,08.011.0003,entrega de Trabajo,0,1
8,12,154,08.012.0001,Preparación del espacio  impresión y mordida,150,1
8,12,155,08.012.0002,Prueba,75,1
8,12,156,08.012.0003,entrega de Trabajo,75,1
8,13,157,08.013.0001,Preparación del espacio  impresión y mordida,300,1
8,13,158,08.013.0002,Prueba,180,1
8,13,159,08.013.0003,entrega de Trabajo,0,1
8,14,160,08.014.0001,Preparación del espacio  impresión y mordida,280,1
8,14,161,08.014.0002,Entrega de Trabajo,0,1
8,15,162,08.015.0001,Preparación del espacio  impresión y mordida,200,1
8,15,163,08.015.0002,Entrega de Trabajo,100,1
8,16,164,08.016.0001,Preparación del espacio  impresión y mordida,200,1
8,16,165,08.016.0002,Prueba,180,1
8,17,166,08.017.0001,Preparación del espacio  impresión y mordida,220,1
8,17,167,08.017.0002,Entrega de Trabajo,180,1
8,18,168,08.018.0001,Impresión  ,300,1
8,18,169,08.018.0002,Mordida,180,1
8,18,170,08.018.0003,Prueba con dientes,0,1
8,18,171,08.018.0004,Entrega,0,1
8,19,172,08.019.0001,Impresión  ,400,1
8,19,173,08.019.0002,Mordida,150,1
8,19,174,08.019.0003,Prueba con dientes,0,1
8,19,175,08.019.0004,Entrega,0,1
8,20,176,08.020.0001,Superior,25,1
8,20,177,08.020.0002,Entrega,25,1
8,21,178,08.021.0001,Reparación,20,1
8,22,179,08.022.0001,Reparación,50,1
8,23,180,08.023.0001,Gancho Alicateado Reparacion o Aumento,50,1
8,24,181,08.024.0001,Impresión y Mordida,100,1
8,24,182,08.024.0002,Prueba,25,1
8,24,183,08.024.0003,Entrega de Trabajo,25,1
8,25,184,08.025.0001,Impresión y Mordida,100,1
8,25,185,08.025.0002,Prueba,80,1
8,25,186,08.025.0003,Entrega de Trabajo,0,1
8,26,187,08.026.0001,Reparación,30,1
8,27,188,08.027.0001,Impresión,40,1
8,27,189,08.027.0002,Entrega de Trabajo,0,1
8,28,190,08.028.0001,Impresión,120,1
8,28,191,08.028.0002,Entrega de Trabajo,0,1
8,29,192,08.029.0001,Impresión,100,1
8,29,193,08.029.0002,Entrega de Trabajo,50,1
8,30,194,08.030.0001,Preparación de la protesis y entrega,50,1
8,31,195,08.031.0001,Preparación de la protesis y entrega,50,1
8,32,196,08.032.0001,Impresión,40,1
8,32,197,08.032.0002,Entrega de Trabajo,0,1
8,33,198,08.033.0001,Impresión,40,1
8,33,199,08.033.0002,Entrega de Trabajo,0,1
8,34,200,08.034.0001,Impresión,40,1
8,34,201,08.034.0002,Entrega de Trabajo,0,1
9,1,202,09.001.0001,xxxxxxxxx,0,1
9,1,203,09.001.0002,Tallado  impresión  provisionales,150,1
9,1,204,09.001.0003,Prueba y Mordida,100,1
9,1,205,09.001.0004,Cementación y pulida,0,1
9,2,206,09.002.0001,Tallado  impresión  provisionales,150,1
9,2,207,09.002.0002,Prueba y mordida,50,1
9,3,208,09.003.0001,Tallado de diente  impresión  provisionales,130,1
9,3,209,09.003.0002,Cementación y pulida,0,1
9,4,210,09.004.0001,RX  preparación de la raiz  cementación y pulida,50,1
9,5,211,09.005.0001,RX  preparación de la raiz  impresión   provisional,70,1
9,5,212,09.005.0002,Cemento y pulida,0,1
9,6,213,09.006.0001,Tallado de diente  impresión   provisional,150,1
9,6,214,09.006.0002,Cemento y pulida,100,1
9,7,215,09.007.0001,Tallado de diente  impresión   provisional,150,1
9,7,216,09.007.0002,Cemento y pulida,100,1
9,8,217,09.008.0001,Tallado de diente  impresión   provisional,100,1
9,8,218,09.008.0002,Cemento y pulida,50,1
9,9,219,09.009.0001,Preparación de los dientes  impresión   provisional,150,1
9,9,220,09.009.0002,Cemento y pulida,100,1
9,10,221,09.010.0001,Preparación de los dientes  impresión   provisional,120,1
9,10,222,09.010.0002,Cemento y pulida,60,1
9,11,223,09.011.0001,Preparación de los dientes  impresión   provisional,70,1
9,11,224,09.011.0002,Cemento y pulida,30,1
9,12,225,09.012.0001,Preparación de los dientes  impresión   provisional,60,1
9,12,226,09.012.0002,Cemento y pulida,20,1
9,13,227,09.013.0001,Preparación de los dientes  impresión   provisional,75,1
9,13,228,09.013.0002,Cemento y pulida,25,1
9,14,229,09.014.0001,Preparación de dientes,120,1
9,14,230,09.014.0002,pulida,0,1
9,15,231,09.015.0001,Preparación de los dientes  impresión   provisional,150,1
9,15,232,09.015.0002,Entrega y Pulida,100,1
9,16,233,09.016.0001,Tallado  impresión  provisional,180,1
9,16,234,09.016.0002,Prueba y Mordida,100,1
9,16,235,09.016.0003,Cementación y pulida,0,1
9,58,969,09.058.0001,Tallado  Impresion  Provisional,350,1
3,13,236,03.013.0001,Reparacion de carillas directas e indirectas,50,1
4,9,374,04.009.0002,Control de Cirugia,0,1
3,14,238,03.014.0001,Preparación del diente,10,1
3,14,239,03.014.0002,Restauración definitiva,10,1
3,15,240,03.015.0001,Preparación del diente e Impresión y Provisional,80,1
3,15,241,03.015.0002,Cementación y Pulìda,0,1
6,1,249,06.001.0001,CONSULTA DE ORTODONCIA PRESUNTIVA,10,1
6,2,250,06.002.0001,DIAGNÓSTICO DE IMPRESIÓN ,50,1
6,2,251,06.002.0002,COLOCACIÓN DE APARATO,50,1
6,2,252,06.002.0003,,0,1
6,3,253,06.003.0001,IMPRESIÓN DE ARRASTRE,100,1
6,3,254,06.003.0002,COLOCACIÓN DE APARATO,0,1
6,3,255,06.003.0003,RETIRAR APARATO,0,1
6,4,256,06.004.0001,DIAGNÓSTICO DE IMPRESIÓN ,70,1
6,4,257,06.004.0002,COLOCACIÓN DE APARATO,50,1
6,4,258,06.004.0003,,0,1
6,5,259,06.005.0001,DIAGNÓSTICO DE IMPRESIÓN ,90,1
6,5,260,06.005.0002,COLOCACIÓN DE APARATO,80,1
6,5,261,06.005.0003,,0,1
6,6,262,06.006.0001,MODELOS DE ESTUDIO LIGA SEPAR.,50,1
6,6,263,06.006.0002,IMPRESIÓN DE ARRASTRE BRACKETS SUP.,50,1
6,6,264,06.006.0003,BANDAS SUPERIORES ALAMBRE,50,1
6,6,265,06.006.0004,LIGAS SEPARA. IMPRESIÓN DE ARRASTRE,50,1
6,6,266,06.006.0005,BRACKETS INFERIORES ,50,1
6,6,267,06.006.0006,BANDAS ALAMBRE ,50,1
6,6,268,06.006.0007,CONTROL QUINCENAL ,0,1
6,6,269,06.006.0008,CONTROL MENSUAL,30,1
6,7,270,06.007.0001,DIAG. DE IMPRESIÓN LIGAS SEPARA.,70,1
6,7,271,06.007.0002,IMPRESIÓN DE ARRASTRE BRACKETS SUP.,70,1
6,7,272,06.007.0003,BANDAS SUPERIORES ALAMBRE,60,1
6,7,273,06.007.0004,LIGAS SEPARA. IMPRESIÓN DE ARRASTRE,70,1
6,7,274,06.007.0005,BRACKETS INFERIORES ,70,1
6,7,275,06.007.0006,BANDAS ALAMBRE ,60,1
6,7,276,06.007.0007,CONTROL QUINCENAL ,0,1
6,7,277,06.007.0008,CONTROL MENSUAL,30,1
6,8,278,06.008.0001,DIAG. DE IMPRESIÓN LIGAS SEPARA.,50,1
6,8,279,06.008.0002,IMPRESIÓN DE ARRASTRE BRACKETS SUP.,50,1
6,8,280,06.008.0003,BANDAS SUPERIORES ALAMBRE,50,1
6,8,281,06.008.0004,LIGAS SEPARA. IMPRESIÓN DE ARRASTRE,50,1
6,8,282,06.008.0005,BRACKETS INFERIORES ,50,1
6,8,283,06.008.0006,BANDAS ALAMBRE ,50,1
6,8,284,06.008.0007,CONTROL QUINCENAL ,0,1
6,8,285,06.008.0008,CONTROL MENSUAL,30,1
6,9,286,06.009.0001,DIAG. DE IMPRESIÓN LIGAS SEPARA.,70,1
6,9,287,06.009.0002,IMPRESIÓN DE ARRASTRE BRACKETS SUP.,70,1
6,9,288,06.009.0003,BANDAS SUPERIORES ALAMBRE,60,1
6,9,289,06.009.0004,LIGAS SEPARA. IMPRESIÓN DE ARRASTRE,70,1
6,9,290,06.009.0005,BRACKETS INFERIORES ,70,1
6,9,291,06.009.0006,BANDAS ALAMBRE ,60,1
6,9,292,06.009.0007,CONTROL QUINCENAL ,0,1
6,9,293,06.009.0008,CONTROL MENSUAL,30,1
6,10,294,06.010.0001,DIAG. DE IMPRESIÓN LIGAS SEPARA.,50,1
6,10,295,06.010.0002,IMPRESIÓN DE ARRASTRE BRACKETS SUP.,50,1
6,10,296,06.010.0003,BANDAS SUPERIORES ALAMBRE,50,1
6,10,297,06.010.0004,LIGAS SEPARA. IMPRESIÓN DE ARRASTRE,50,1
6,10,298,06.010.0005,BRACKETS INFERIORES ,50,1
6,10,299,06.010.0006,BANDAS ALAMBRE ,50,1
6,10,300,06.010.0007,CONTROL QUINCENAL ,0,1
6,10,301,06.010.0008,CONTROL MENSUAL,30,1
6,11,302,06.011.0001,DIAG. DE IMPRESIÓN LIGAS SEPARA.,70,1
6,11,303,06.011.0002,IMPRESIÓN DE ARRASTRE BRACKETS SUP.,70,1
6,11,304,06.011.0003,BANDAS SUPERIORES ALAMBRE,60,1
6,11,305,06.011.0004,LIGAS SEPARA. IMPRESIÓN DE ARRASTRE,70,1
6,11,306,06.011.0005,BRACKETS INFERIORES ,70,1
6,11,307,06.011.0006,BANDAS ALAMBRE ,60,1
6,11,308,06.011.0007,CONTROL QUINCENAL ,0,1
6,11,309,06.011.0008,CONTROL MENSUAL,30,1
6,12,310,06.012.0001,ADHERIR BRACKET METALICO TUBO O BOTON,5,1
6,13,311,06.013.0001,ADHERIR BRACKET CERAMICA,10,1
6,14,312,06.014.0001,COLOCAR BANDA Y TUBO ,10,1
6,15,313,06.015.0001,IMPRESIÓN DE ARRASTRE,30,1
6,15,314,06.015.0002,CEMENTACIÓN,0,1
6,16,315,06.016.0001,TOMA DE IMPRESIÓN,120,1
6,16,316,06.016.0002,COLOCACIÓN DE PLAQUITA,0,1
6,17,317,06.017.0001,COLOCACIÓN DE RETENEDOR,50,1
6,18,318,06.018.0001,TOMA DE IMPRESIÓN ,50,1
6,18,319,06.018.0002,COLOCACIÓN DE PLACA,0,1
6,19,320,06.019.0001,AJUSTE OCLUSAL X SESION,20,1
6,20,321,06.020.0001,CEMENTACIÓN DE BANDAS TRANS. PAL O LINGUAL,5,1
4,20,322,04.020.0001,Corte Electrobisturi Simple,20,1
4,21,323,04.021.0001,Corte Electrobisturi Compuesto,50,1
4,9,375,04.009.0003,Retirar puntos,0,1
6,21,376,06.021.0001,ADHERIR BRACKETS,40,1
1,12,326,01.012.0001,RAYOS X DIGITAL,5,1
1,13,327,01.013.0001,TRATAMIENTO DE EMERGENCIA DOLOR,20,1
2,24,328,02.024.0001,APLICACION DE FLUOR EN CUBETA POR ARCADA,10,1
2,25,329,02.025.0001,APLICACION DE CARIOSTATICO POR PIEZA,10,1
2,26,330,02.026.0001,Resina fotocurado simpledistal,20,1
2,27,331,02.027.0001,Resina Compuesta,40,1
2,28,332,02.028.0001,MEDICACION DE UNA PIEZA (POSIBLE T/C) y TEMPORARIOS,20,1
2,29,333,02.029.0001,Obturación de Raíz con Tratamiento,20,1
2,30,334,02.030.0001,RESINA LIQUIDA O IONOMERO  VITREBOND FUJI Y SELLANTE xPIEZA,20,1
2,31,335,02.031.0001,SELLANTE POR PIEZA,10,1
2,32,336,02.032.0001,Reparación de angulo en Permanente,40,1
2,33,337,02.033.0001,Resina Fotocurado en diente temporarios anteriores,10,1
2,34,338,02.034.0001,Resina Autopolimerizable para reconstruir,80,1
4,7,339,04.007.0002,Control de cirugia ,0,1
4,7,340,04.007.0003,Retirar puntos,0,1
4,10,341,04.010.0002,Control de Cirugia,0,1
4,10,342,04.010.0003,Retirar puntos,0,1
4,11,343,04.011.0002,Control Cirugia,0,1
4,11,344,04.011.0003,Retirar puntos,0,1
4,12,345,04.012.0002,Control de Cirugia,0,1
4,12,346,04.012.0003,Retirar Puntos,0,1
4,13,347,04.013.0002,Retirar Puntos,0,1
4,13,348,04.013.0003,Control de Cirugía,0,1
4,14,349,04.014.0002,Retirar Puntos,0,1
4,14,350,04.014.0003,Control de Cirugía,0,1
4,15,351,04.015.0002,Control de Cirugia,0,1
4,15,352,04.015.0003,Retirar puntos,0,1
4,16,353,04.016.0002,Control de Cirugia,0,1
4,16,354,04.016.0003,Retirar puntos,0,1
4,17,355,04.017.0002,Control de cirugia,0,1
4,17,356,04.017.0003,Retirar puntos,0,1
4,18,357,04.018.0002,Control de Cirugia,0,1
4,18,358,04.018.0003,Retirar puntos,0,1
4,19,359,04.019.0002,Control de Cirugia,0,1
4,19,360,04.019.0003,Retirar puntos,0,1
8,35,361,08.035.0001,Rebace en puente de acrilico,20,1
8,36,362,08.036.0001,Eiker Provisional,50,1
8,37,363,08.037.0001,Eiker Tipo Flex ,100,1
6,21,377,06.021.0002,CONTROL QUINCENAL,0,1
8,38,364,08.038.0001,Protesis Parcial tipo flex,150,1
8,41,365,08.041.0001,Plato mio relajador rigido,50,1
6,21,378,06.021.0003,CONTROL MENSUAL,30,1
9,17,367,09.017.0001,Corona provisional x(pieza),50,1
9,18,368,09.018.0001,Merilan definitivo de acrilico,150,1
9,19,369,09.019.0001,Pegada de Puente provisional,10,1
9,20,370,09.020.0001,Pegada de corona y/o Puente definitivo,40,1
8,40,371,08.040.0001,Plato mio relajador de acetato semirigido,40,1
8,39,372,08.039.0001,Protesis de Acrilico Transparente,200,1
6,22,379,06.022.0001,ADHERIR JUEGO BRACKETS METALICO SUPERIOR (RETRATAMIENTO),50,1
6,23,380,06.023.0001,ADHERIR JUEGO BRACKETS METALICO INFERIOR (RETRATAMIENTO),50,1
1,14,381,01.014.0001,PEGAR CORONA O DIENTE (PROVISIONAL),10,1
2,7,382,02.007.0003,xxxxx,0,1
2,8,383,02.008.0003,Pulida,0,1
2,9,384,02.009.0003,Pulida,0,1
2,10,385,02.010.0003,Pulida,0,1
2,11,386,02.011.0003,Pullida,0,1
2,12,387,02.012.0003,Pulida,0,1
2,17,388,02.017.0003,Control y Cavit,0,1
2,18,389,02.018.0002,Control y Pasta,0,1
2,23,390,02.023.0003,Control y Cavit,0,1
2,26,391,02.026.0002,Control y Cavit,0,1
2,27,392,02.027.0002,Control ,0,1
8,1,393,08.001.0003,Control o prueba,0,1
8,2,394,08.002.0003,Control,0,1
8,4,395,08.004.0003,Control,0,1
8,5,396,08.005.0003,Control,0,1
8,6,397,08.006.0003,Control o prueba,0,1
8,7,398,08.007.0004,Control,0,1
8,8,399,08.008.0004,Control,0,1
8,9,400,08.009.0004,Control,0,1
8,10,401,08.010.0005,Control,0,1
8,11,402,08.011.0004,Control,0,1
8,12,403,08.012.0004,Control,0,1
8,13,404,08.013.0004,Control,0,1
8,14,405,08.014.0003,Control,0,1
8,15,406,08.015.0003,Control,0,1
8,16,407,08.016.0003,Entrega de Trabajo o Control,0,1
8,17,408,08.017.0003,Control,0,1
8,18,409,08.018.0005,Control,0,1
8,19,410,08.019.0005,Control,0,1
8,36,411,08.036.0002,Entrega de Trabajo,30,1
8,37,412,08.037.0002,Entrega de Trabajo,80,1
8,38,419,08.038.0003,Control,0,1
9,1,420,09.001.0005,Control,0,1
9,2,421,09.002.0003,Cementación y Pulida,50,1
9,3,422,09.003.0003,Control,0,1
9,6,423,09.006.0003,Control,0,1
9,7,424,09.007.0003,Control,0,1
9,8,425,09.008.0003,Control,0,1
9,9,426,09.009.0003,Control,0,1
9,10,427,09.010.0003,Control,0,1
9,11,428,09.011.0003,Control,0,1
9,12,429,09.012.0003,Control,0,1
6,24,430,06.024.0001,CODIGO DE IMPRESION,40,1
2,36,434,02.036.0001,ELIMINACION DE CARIES Y PASTA,30,1
2,36,435,02.036.0002,IONOMERO Y RESINA,0,1
6,24,436,06.024.0002,ENTREGA DE PLACA,0,1
6,25,437,06.025.0001,SACADO DE BRACKETS DE OTROS CONSULTORIOS,20,1
6,26,438,06.026.0001,RECEPCION DE PLACA E IMPRESION,15,1
6,26,439,06.026.0002,ENTREGA DE PLACA,0,1
6,27,440,06.027.0001,TOMA DE IMPRESION ,25,1
6,27,441,06.027.0002,ENTREGA DE PLACA,0,1
6,28,442,06.028.0001,ADHERIR JUEGO DE BRACKETS SILICOM SUPERIOR (RETRATAMIENTO),70,1
6,29,443,06.029.0001,ADHERIR JUEGO DE BRACKETS SILICOM INFERIOR (RETRATAMIENTO),70,1
4,22,444,04.022.0001,Cirugia de Implante,600,1
4,22,445,04.022.0002,Control Implante,0,1
4,23,446,04.023.0001,Cirugia de Implante,850,1
4,23,447,04.023.0002,Control Implante,0,1
6,30,448,06.030.0001,ADHERIR JUEGO DE BRACKET METALICO SUPERIOR POR PEDIDO DE PACIENTE,100,1
6,30,449,06.030.0002,,0,1
2,1,453,02.001.0002,Control,0,1
2,2,454,02.002.0002,Control y cavit,0,1
2,5,457,02.005.0002,Control y cavit,0,1
3,18,464,03.018.0002,Preparación del diente  imp  prov,200,1
8,26,468,08.026.0002,Entrega,0,1
8,42,472,08.042.0004,Entrega de Trabajo,20,1
8,42,473,08.042.0005,Control,0,1
4,8,484,04.008.0002,Control,0,1
4,26,489,04.026.0001,Cirugía para Abordar Diente Subgingival,40,1
4,26,491,04.026.0003,Control de Cirugía,0,1
7,12,494,07.012.0001,Endodoncia Extra Apertura  Extra Limado  Extra Obturación,20,1
2,38,495,02.038.0001,DESENSIBILIZANTE POR CUADRANTE,10,1
6,33,497,06.033.0001,ADHERIR JUEGO DE BRACKET SILICOM INF POR PEDIDO DE PACIENTE,150,1
6,34,498,06.034.0001,CONTROL ORTODONCIA OCASIONAL POR MES,30,1
10,1,503,10.001.0001,CONSULTA  RX Y MODELOS DE ESTUDIO,20,1
9,25,508,09.025.0001,Reparación de Puente Provisional,20,1
6,37,513,06.037.0001,CONTROL DE ORTOPEDIA Y HABITO O AJUSTE OCLUSAL,35,1
9,26,515,09.026.0001,Impresión para Muñon,100,1
1,15,531,01.015.0001,IMPRESION PARA MODELOS DE DIAGNOSTICO O ANTAGONISTAS,10,1
9,30,532,09.030.0001,Cortar Corona o Puente Fijo,20,1
6,35,533,06.035.0003,ENTREGA DE DOCUMENTACION  MODELOS,0,1
6,36,534,06.036.0003,ENTREGA DE DOCUMENTACION  MODELOS,0,1
9,26,537,09.026.0005,Control,0,1
9,28,538,09.028.0005,Control,0,1
9,31,540,09.031.0002,Prueba y Mordida,50,1
9,31,541,09.031.0003,Cementación y Pulida,50,1
9,31,542,09.031.0004,Control,0,1
9,32,543,09.032.0001,Tallado  Impresion  provisionales,200,1
9,32,544,09.032.0002,Prueba y Mordida,100,1
9,33,547,09.033.0001,Impresión  Provisionales,150,1
9,33,549,09.033.0003,Cementación y Pulida,50,1
9,33,550,09.033.0004,Control,0,1
9,34,551,09.034.0001,Impresión  Provisionales,200,1
9,34,552,09.034.0002,Prueba y Mordida,50,1
6,38,555,06.038.0001,TOMA DE IMPRESION,50,1
1,16,556,01.016.0001,APLICACION DE INYECCION (IM),1,1
4,28,557,04.028.0001,Consulta o Cirugia Fundaciòn,0,1
11,1,558,11.001.0001,FIXODENT ADHESIVO PARA PROTESIS ORG O FRESH 24 OZ,15,1
11,4,565,11.004.0001,JERINGAS DESCARTABLES 5CC,1,1
11,5,566,11.005.0001,TRAIDER T4D FOR BRACES,40,1
6,39,567,06.039.0001,MODELOS DE ESTUDIO,20,1
6,40,569,06.040.0001,BRACKETS,170,1
6,42,575,06.042.0001,BRACKETS,170,1
6,42,576,06.042.0002,L-S  IMPRESION  ARRASTRE  BANDAS,0,1
6,43,580,06.043.0003,ANCLAJE,0,1
6,44,582,06.044.0002,L-S  IMPRESION  ARRASTRE  BANDAS,0,1
6,44,583,06.044.0003,ANCLAJE,0,1
6,45,584,06.045.0001,BRACKETS,170,1
6,45,585,06.045.0002,L-S  IMPRESION  ARRASTRE  BANDAS,0,1
6,46,587,06.046.0001,BRACKETS,220,1
6,38,762,06.038.0003,CONTROL,0,1
6,63,778,06.063.0002,ENTREGA DE APARATO,0,1
6,46,588,06.046.0002,L-S  IMPRESION  ARRASTRE  BANDAS,0,1
6,46,589,06.046.0003,ANCLAJE,0,1
6,47,590,06.047.0001,BRACKETS,220,1
6,47,592,06.047.0003,ANCLAJE,0,1
3,20,699,03.020.0001,Tallado y Toma de impresion,150,1
3,16,373,03.016.0001,Carilla Provisional Autopolimerizable,60,1
6,31,450,06.031.0001,ADHERIR JUEGO DE BRACKET METALICO INFERIOR POR PEDIDO DE PACIENTE,100,1
6,32,452,06.032.0001,ADHERIR JUEGO DE BRACKET SILICOM SUP POR PEDIDO DE PACIENTE,150,1
2,3,455,02.003.0002,Control y cavit,0,1
2,6,458,02.006.0002,Control y cavit,0,1
2,39,462,02.039.0002,PULIDA,0,1
8,23,467,08.023.0002,Entrega,0,1
8,42,471,08.042.0003,Prueba,90,1
9,23,476,09.023.0002,Cementacion y Pulida,0,1
9,22,477,09.022.0001,Impresión,80,1
9,24,478,09.024.0001,Resina autopolimerizable para reconstruir,80,1
8,22,480,08.022.0002,Entrega,0,1
4,3,481,04.003.0002,Control,0,1
4,5,482,04.005.0002,Control,0,1
4,24,485,04.024.0001,Exodoncia Temporarios Posteriores,20,1
4,26,490,04.026.0002,Retirar Puntos,0,1
9,22,502,09.022.0003,Entrega,0,1
10,2,504,10.002.0001,CIRUGIA DE IMPLANTES,650,1
10,2,505,10.002.0002,CONTROL DE IMPLANTES,0,1
10,3,506,10.003.0001,CIRUGIA DE IMPLANTES,1040,1
4,27,510,04.027.0002,Control,0,1
6,35,511,06.035.0002,BRACKETS INFERIORES,150,1
6,36,512,06.036.0002,BRACKETS INFERIORES,200,1
9,26,517,09.026.0003,Prueba de Corona,50,1
9,26,518,09.026.0004,Cementación y Pulida,50,1
9,27,519,09.027.0001,Impresión y Provisionales,120,1
9,27,520,09.027.0002,Prueba y Mordida,20,1
9,27,521,09.027.0003,Cementación y Pulida,40,1
9,27,522,09.027.0004,Control,0,1
9,28,523,09.028.0001,Impresión para Muñon,150,1
9,28,524,09.028.0002,Cementación Muñon  Impresión Corona,100,1
9,28,525,09.028.0003,Prueba de Corona,50,1
9,29,527,09.029.0001,Impresión  Provisionales,150,1
9,29,528,09.029.0002,Prueba y Mordida,50,1
9,29,530,09.029.0004,Control,0,1
9,16,536,09.016.0004,Control,0,1
9,31,539,09.031.0001,Tallado  Impresion  provisionales,150,1
9,32,545,09.032.0003,Cementación y Pulida,0,1
6,40,570,06.040.0002,L-S  IMPRESION  ARRASTRE  BANDAS,0,1
6,40,571,06.040.0003,ANCLAJE,0,1
6,41,573,06.041.0002,L-S  IMPRESION  ARRASTRE  BANDAS,0,1
6,41,574,06.041.0003,ANCLAJE,0,1
11,2,563,11.002.0001,ENJUAGE BUCAL ORTODENT MANZANILLA,5,1
11,3,564,11.003.0001,VOLTAREN AMPOLLAS 75ML,2,1
6,39,568,06.039.0002,XXXX,0,1
6,48,593,06.048.0001,BRACKETS,180,1
6,48,595,06.048.0003,ANCLAJE,0,1
6,49,596,06.049.0001,BRACKETS,180,1
6,49,598,06.049.0003,ANCLAJE,0,1
6,52,599,06.052.0001,BRACKETS,220,1
6,52,600,06.052.0002,L-S  IMPRESION  ARRASTRE  BANDAS,0,1
6,52,601,06.052.0003,ANCLAJE,0,1
6,51,602,06.051.0001,BRACKETS,170,1
6,51,603,06.051.0002,L-S  IMPRESION  ARRASTRE  BANDAS,0,1
6,51,604,06.051.0003,ANCLAJE,0,1
6,53,605,06.053.0001,BRACKETS,220,1
6,53,607,06.053.0003,ANCLAJE,0,1
6,50,608,06.050.0001,BRACKETS,170,1
6,50,609,06.050.0002,L-S  IMPRESION  ARRASTRE  BANDAS,0,1
6,54,612,06.054.0002,QUINCENAL,0,1
6,55,613,06.055.0001,IMPRESION,140,1
6,55,616,06.055.0004,CONTROL INICIAL,0,1
6,56,617,06.056.0001,IMPRESION,200,1
6,56,618,06.056.0002,AJUSTE PRUEBA,0,1
6,56,619,06.056.0003,ENTREGA APARATO,0,1
6,56,620,06.056.0004,CONTROL INICIAL,0,1
6,57,623,06.057.0003,ENTREGA APARATO,0,1
5,8,625,05.008.0001,Pulido Radicular por cuadrante,50,1
5,8,626,05.008.0002,Control,0,1
5,9,628,05.009.0002,Control,0,1
5,12,634,05.012.0002,Control,0,1
5,13,636,05.013.0002,Control,0,1
8,43,637,08.043.0001,Gancho Colado Reparacion o Aumento,30,1
3,13,638,03.013.0002,Control,0,1
3,19,639,03.019.0001,Correccion de filo sobre ceramica (cimara),20,1
5,14,641,05.014.0002,Sacada de puntos,0,1
5,14,642,05.014.0003,Control,0,1
8,44,643,08.044.0001,Limpieza y mantenimiento de protesis,20,1
8,45,644,08.045.0001,Ajuste de protesis directo en acrilico,20,1
8,46,645,08.046.0001,Cambio de acrilico en protesis (no dientes),150,1
7,5,646,07.005.0004,Control,0,1
7,7,648,07.007.0004,Control,0,1
6,58,649,06.058.0001,CUOTA INICIAL PACIENTES BRAQUEADOS DE OTROS CONSULTORIOS,200,1
1,17,650,01.017.0001,CONSULTA Y CONTROL SOBRE TRABAJOS REALIZADOS,0,1
8,47,651,08.047.0001,Rebace y reparación de gancho en protesis Flex y acrilico,80,1
8,48,652,08.048.0001,Toma de Impresion,120,1
9,35,654,09.035.0001,Correccion de color sobre Porcelana o Resina,20,1
6,54,655,06.054.0003,SACADA DE BRACKETS,0,1
6,59,656,06.059.0001,CONTROL DE ORTODONCIA MENSUAL,35,1
5,15,657,05.015.0001,Injerto de Tejido Oseo ,120,1
5,15,658,05.015.0002,Control,0,1
5,16,659,05.016.0001,Injerto de Tejido Oseo Puro,200,1
9,36,661,09.036.0001,Colocar Cofia  Impresion para replica de Implantes,100,1
9,36,663,09.036.0003,Prueba y Control Oclusal,100,1
10,4,665,10.004.0001,DIAGNOSTICO PRESUNTIVO DE IMPLANTES,10,1
10,5,666,10.005.0001,EXPLORACION QUIRURGICA PREVIO AL IMPLANTE,20,1
10,5,667,10.005.0002,CONTROL Y SACADA DE PUNTOS,0,1
8,49,668,08.049.0001,Toma de impresion,400,1
8,49,669,08.049.0002,Prueba de Protesis,250,1
8,49,670,08.049.0003,Entrega de Protesis,150,1
10,6,671,10.006.0001,MUÑON PARA IMPLANTES,200,1
10,8,673,10.008.0001,CIRUGIA DE IMPLANTES,700,1
10,8,674,10.008.0002,CONTROL DE IMPLANTES,0,1
9,37,675,09.037.0001,Toma de Impresion,600,1
9,37,676,09.037.0002,Prueba de Protesis,400,1
9,37,677,09.037.0003,Entrega de Protesis,200,1
9,39,678,09.039.0001,Impresion para Muñon,200,1
9,39,681,09.039.0004,Cementacion y Pulida,50,1
9,38,683,09.038.0001,Toma de Impresion,800,1
9,38,684,09.038.0002,Prueba de Protesis,500,1
9,38,685,09.038.0003,Entrega de Protesis,500,1
6,60,686,06.060.0001,BRACKETS CLARITY,280,1
6,60,688,06.060.0003,XXXXXX,0,1
6,61,689,06.061.0001,BRACKETS,280,1
11,6,692,11.006.0001,MASCARILLA FACIAL,55,1
9,40,694,09.040.0001,Impresion con Cofia,800,1
11,8,696,11.008.0001,CEPILLO DENTAL GINGIVIT(PARA ENCIAS INFLAMADAS),6,1
11,10,698,11.010.0001,CEPILLO DENTAL ORTODENT(ORTODONCIA),6,1
3,20,701,03.020.0002,Cementacio,0,1
3,20,702,03.020.0003,Control,0,1
6,64,764,06.064.0001,BRACKETS,160,1
6,59,705,06.059.0002,CONTROL QUINCENAL O EMERGENCIA,0,1
9,41,706,09.041.0001,Impresion Pilar de Transferencia Analogo Calcinable),250,1
9,41,707,09.041.0002,Prueba o entrega en metal,0,1
9,42,708,09.042.0001,Prueba de Muñon,200,1
8,38,413,08.038.0002,Entrega de Trabajo,100,1
8,39,414,08.039.0002,Entrega de Trabajo,180,1
8,39,415,08.039.0003,Control,0,1
8,40,416,08.040.0002,Entrega de Trabajo,0,1
8,41,417,08.041.0002,Entrega de Trabajo,0,1
2,35,431,02.035.0001,Eliminacion de caries y medicacion,15,1
2,35,432,02.035.0002,Obturacion,10,1
2,35,433,02.035.0003,Pulida,0,1
6,31,451,06.031.0002,,0,1
2,4,456,02.004.0002,Control y cavit,0,1
2,37,459,02.037.0001,MEDICACION Y RESTAURACION CUELLO (VITREBOND FUJI LC),25,1
2,37,460,02.037.0002,RESTAURACION,0,1
2,39,461,02.039.0001,RESTAURACION,10,1
3,18,463,03.018.0001,Impresión para Estudio,50,1
3,18,465,03.018.0003,Cementación y Pulida,50,1
3,17,466,03.017.0001,Blanqueamiento por pieza ,20,1
8,42,469,08.042.0001,Impresión para Estudio,50,1
8,42,470,08.042.0002,Mordida,90,1
9,21,474,09.021.0001,Pegar Corona Definitiva,20,1
9,23,475,09.023.0001,Rx  Preparación de Raiz impresión,80,1
8,21,479,08.021.0002,Entrega,0,1
4,6,483,04.006.0002,Control,0,1
4,25,486,04.025.0001,Regularización por Alveolo x pieza mas sutura(ESP),50,1
4,25,487,04.025.0002,Control de cirugia,0,1
4,25,488,04.025.0003,Retirar puntos,0,1
5,6,492,05.006.0001,Limpieza / Cavitron X Maxilar,10,1
5,7,493,05.007.0001,Cepillado / Fluorización,10,1
3,9,496,03.009.0002,Pulida,0,1
6,35,499,06.035.0001,BRACKETS SUPERIORES,150,1
6,36,500,06.036.0001,BRACKETS SUPERIORES,200,1
9,22,501,09.022.0002,Prueba,0,1
10,3,507,10.003.0002,CONTROL DE IMPLANTES,0,1
4,27,509,04.027.0001,Cirugía de Diente con tratamiento de conducto y/o sutura,50,1
4,21,514,04.021.0002,Control,0,1
9,26,516,09.026.0002,Cementación Muñon  Impresión Corona,100,1
9,28,526,09.028.0004,Cementación y Pulida,50,1
9,29,529,09.029.0003,Cementación y Pulida,50,1
9,2,535,09.002.0004,Control,0,1
9,32,546,09.032.0004,Control,0,1
9,33,548,09.033.0002,Prueba y Mordida,50,1
9,34,553,09.034.0003,Cementación y Pulida,50,1
9,34,554,09.034.0004,Control,0,1
6,41,572,06.041.0001,BRACKETS,170,1
6,42,577,06.042.0003,ANCLAJE,0,1
6,43,578,06.043.0001,BRACKETS,170,1
6,43,579,06.043.0002,L-S  IMPRESION  ARRASTRE  BANDAS,0,1
6,44,581,06.044.0001,BRACKETS,170,1
6,45,586,06.045.0003,ANCLAJE,0,1
6,47,591,06.047.0002,L-S  IMPRESION  ARRASTRE  BANDAS,0,1
6,48,594,06.048.0002,L-S  IMPRESION  ARRASTRE  BANDAS,0,1
6,49,597,06.049.0002,L-S  IMPRESION  ARRASTRE  BANDAS,0,1
6,53,606,06.053.0002,L-S  IMPRESION  ARRASTRE  BANDAS,0,1
6,50,610,06.050.0003,ANCLAJE,0,1
6,54,611,06.054.0001,MENSUAL,30,1
6,55,614,06.055.0002,AJUSTE PRUEBA,0,1
6,55,615,06.055.0003,ENTREGA APARATO,0,1
6,57,621,06.057.0001,IMPRESION,300,1
6,57,622,06.057.0002,AJUSTE PRUEBA,0,1
6,57,624,06.057.0004,CONTROL INICIAL,0,1
5,9,627,05.009.0001,Gingivectomia por pieza simple,20,1
5,10,629,05.010.0001,Alargamiento de Corona,100,1
5,10,630,05.010.0002,Control,0,1
5,11,631,05.011.0001,Pulido Quirurgico por cuadrante,100,1
5,11,632,05.011.0002,Control,0,1
5,12,633,05.012.0001,Injerto de Tejido Oseo enfermedad periodontal x pieza,200,1
5,13,635,05.013.0001,Injerto de Tejido Oseo por implante,300,1
5,14,640,05.014.0001,Gingivectomia por pieza compuesta,40,1
7,6,647,07.006.0004,Control,0,1
8,48,653,08.048.0002,Entrega de Protesis,0,1
5,16,660,05.016.0002,Control,0,1
9,36,662,09.036.0002,Colocacion Muñon  Prueba de Corona,100,1
9,36,664,09.036.0004,Cementacion de Corona,100,1
10,7,672,10.007.0001,BARRA DE PROTESIS PARA IMPLANTES,700,1
9,39,679,09.039.0002,Cementacion Muñon  Impresion corona,100,1
9,39,680,09.039.0003,Prueba de Corona,100,1
9,39,682,09.039.0005,Control,0,1
6,60,687,06.060.0002,COMPLETAR BRACKETS  BANDAS O TUBOS,0,1
6,61,690,06.061.0002,COMPLETAR BRACKETS BANDAS O TUBOS,0,1
6,61,691,06.061.0003,XXXXXXX,0,1
11,7,693,11.007.0001,HILO SUPERFLOSS (ORAL B),15,1
9,40,695,09.040.0002,Prueba y Entrega,400,1
11,9,697,11.009.0001,CEPILLO DENTAL SORAL(DIENTES SENSIBLES),6,1
3,21,700,03.021.0001,Tallado y toma de impresion,180,1
3,21,703,03.021.0002,Cementacion,0,1
3,21,704,03.021.0003,Control,0,1
9,42,709,09.042.0002,Colocacion y tallado de muñon,0,1
9,43,710,09.043.0001,Envio del metal del calcinable,270,1
9,43,711,09.043.0002,Prueba de Ceramica,0,1
9,43,712,09.043.0003,Entrega,0,1
9,44,713,09.044.0001,Envio del metal del calcinable,350,1
9,44,714,09.044.0002,Prueba con Ceramica,0,1
9,44,715,09.044.0003,Entrega,0,1
9,45,716,09.045.0001,Envio del metal del calcinable,450,1
9,45,717,09.045.0002,Prueba con Ceramica,0,1
9,45,718,09.045.0003,Entrega,0,1
9,46,719,09.046.0001,Impresion de pilares de transferencia(analogos y pilares de bola),800,1
9,46,720,09.046.0002,prueba de protesis en cera y diente con capsula para bola,0,1
9,46,721,09.046.0003,Entrega,0,1
9,47,722,09.047.0001,Impresion con pilares de transferencia (analogos y calcinable),1500,1
9,47,723,09.047.0002,Prueba de barra metalica sobre implantes,0,1
9,47,724,09.047.0003,Prueba de protesis en cera y diente con barra interna,0,1
9,47,725,09.047.0004,Entrega ,0,1
9,48,726,09.048.0001,Impresion con pilares de trasnferencia (analogo y calcinabe),1800,1
9,48,727,09.048.0002,prueba de barra metalica sobre implantes atornillado,0,1
9,48,728,09.048.0003,prueba de protesis en cera y diente y barra atornillada,0,1
9,48,729,09.048.0004,Entrega,0,1
9,49,730,09.049.0001,Impresion para corona sobre implantes,150,1
9,49,731,09.049.0002,Prueba,50,1
9,49,732,09.049.0003,Entrega,50,1
9,50,733,09.050.0001,Impresion para corona sobre implantes,150,1
9,50,734,09.050.0002,Prueba ,100,1
9,50,735,09.050.0003,Entrega,100,1
9,51,736,09.051.0001,Implantes para corona,250,1
9,51,737,09.051.0002,Prueba,100,1
9,51,738,09.051.0003,Entrega,100,1
4,29,739,04.029.0001,COLOCACION DE CAPSULA DE CICATRIZACION PARA IMPLANTE,20,1
4,1,740,04.001.0002,Control,0,1
4,2,741,04.002.0002,Control,0,1
4,4,742,04.004.0002,Control,0,1
4,24,743,04.024.0002,Control,0,1
9,43,744,09.043.0004,Control,0,1
9,44,745,09.044.0004,Control,0,1
9,45,746,09.045.0004,Control,0,1
9,46,747,09.046.0004,Control,0,1
9,47,748,09.047.0005,Control,0,1
9,48,749,09.048.0005,Control,0,1
9,49,750,09.049.0004,Control,0,1
9,50,751,09.050.0004,Control,0,1
9,51,752,09.051.0004,Control,0,1
5,17,753,05.017.0001,Injerto de Tejido Oseo por cada 0.2cc,100,1
5,18,754,05.018.0001,Lamina de Colageno(Alveolitis  comunicaciones  cero maxilar para proteccion de i,50,1
6,62,755,06.062.0001,COLOCACION DE APARATO INTRAORAL COMPLEMENTARIO AL TRATAMIENDO DE ORTODONCIA(VER ,140,1
9,17,756,09.017.0002,Entrega y/o Control,0,1
11,11,757,11.011.0001,BLANQUEAMIENTO CASERO 16% FGM,10,1
1,1,758,01.001.0002,CONSULTA  CONTROL,0,1
5,19,759,05.019.0001,Pulido y Alisado Radicular x pieza (ES) 4 caras,160,1
6,17,760,06.017.0002,CONTROL,0,1
6,38,761,06.038.0002,ENTREGA DE TRABAJO,0,1
6,63,763,06.063.0001,TOMA DE IMPRESION,100,1
6,64,765,06.064.0002,COMPLETAR BRACKETS  BANDAS O TUBOS,0,1
6,64,766,06.064.0003,XXXXXX,0,1
6,65,767,06.065.0001,BRACKETS,160,1
6,65,768,06.065.0002,COMPELTAR BRACKETS  BANDAS O TUBOS,0,1
6,65,769,06.065.0003,XXXXXX,0,1
9,52,770,09.052.0001,Corte de Corona x pieza,20,1
10,9,771,10.009.0001,CIRUGIA DE IMPLANTES,750,1
10,9,772,10.009.0002,CONTROL DE IMPLANTES,0,1
11,12,773,11.012.0001,ARCO EXTRAORAL,20,1
11,13,774,11.013.0001,CASQUETE TRACCION EXTRAORAL BAJA,30,1
11,14,775,11.014.0001,CASQUETE TRACCION EXTRAORAL ALTA,30,1
11,15,776,11.015.0001,PANTALLA ULM,20,1
11,16,777,11.016.0001,MENTONERA,50,1
4,30,779,04.030.0001,Cirugia Para Exodoncia 3eros. Molares u otros(Especialista),140,1
4,30,780,04.030.0002,Control Cirugia,0,1
4,30,781,04.030.0003,Retirar puntos,0,1
6,66,782,06.066.0001,PROTECTOR DE BRACKETS,10,1
11,17,783,11.017.0001,PROTECTOR DE BRACKETS,10,1
2,40,784,02.040.0001,REPARACION DEL DIENTE  CARILLA,50,1
2,40,785,02.040.0002,PULIDA,0,1
6,62,786,06.062.0002,ENTREGA DE APARATO,0,1
9,53,787,09.053.0001,Muñon de Zirconio y Titanio Zimmer,450,1
9,54,788,09.054.0001,Pilar/Muñon de Titanio Zimmer,400,1
1,18,789,01.018.0001,RX PELICULA,5,1
9,55,790,09.055.0001,Pegada de Puente definitivo,80,1
9,55,791,09.055.0002,Entrega,0,1
9,55,792,09.055.0003,Control,0,1
10,10,793,10.010.0001,COLOCACION DE MEMBRANA,200,1
10,11,794,10.011.0001,COLOCACION DE PLASTICO DE METAL DE HOUSING,30,1
3,22,795,03.022.0001,Corona de Resina Directa,180,1
3,22,796,03.022.0002,Pulida,0,1
10,12,797,10.012.0001,CIRUGIA DE IMPLANTES,650,1
10,12,798,10.012.0002,CONTROL DE IMPLANTES,0,1
4,31,799,04.031.0001,Apicectomia Multiradiculares,350,1
4,31,800,04.031.0002,Control de Cirugia,0,1
4,31,801,04.031.0003,Retirar Puntos,0,1
4,32,802,04.032.0001,Cirugia Alargamiento de Corona por Pieza,160,1
4,32,803,04.032.0002,Control de Cirugia,0,1
4,32,804,04.032.0003,Retirar puntos,0,1
4,33,805,04.033.0001,Osteotomia o Curetaje Alveolar o para implantes,100,1
4,33,806,04.033.0002,Control de cirugia,0,1
4,33,807,04.033.0003,Retirar Puntos,0,1
4,34,808,04.034.0001,Injerto de Tejido Oseo (Hueso0.5)(ESP),325,1
4,34,809,04.034.0002,Control de Cirugia,0,1
4,34,810,04.034.0003,Retirar de puntos,0,1
4,35,811,04.035.0001,Injerto de (hueso 0.5 membrana 15x20) ESP,500,1
4,35,812,04.035.0002,Control de cirugia,0,1
4,35,813,04.035.0003,Retirar puntos,0,1
4,36,814,04.036.0001,Exceresis de Quiste (ESP),300,1
4,36,815,04.036.0002,Control de Cirugia,0,1
4,36,816,04.036.0003,Retirar Puntos,0,1
1,19,817,01.019.0001,CONSULTA ESPECIALISTA,30,1
1,20,818,01.020.0001,TRATAMIENTO DE EMERGENCIA DOLOR Y OTROS (PEGAR PUENTE O RETIRAR PUNTOS OTROS CON,20,1
3,23,819,03.023.0001,Resina Proximal por lado diastema,30,1
9,56,820,09.056.0001,Toma de impresion,100,1
9,56,821,09.056.0002,Entrega,0,1
10,13,822,10.013.0001,COLOCACION DE CAPSULA DE CICATRIZACION PARA IMPLANTES,60,1
4,37,823,04.037.0001,Injerto de Encia Libre por pieza,220,1
4,37,824,04.037.0002,Control cirugia,0,1
4,37,825,04.037.0003,Retirar Puntos,0,1
4,38,826,04.038.0001,Regularizacion de Hueso por cuadrante,160,1
4,38,827,04.038.0002,Control de cirugia,0,1
4,38,828,04.038.0003,Retirar puntos,0,1
4,39,829,04.039.0001,Regularizacion de encia por cuadrante,200,1
4,39,830,04.039.0002,Control de cirugia,0,1
4,39,831,04.039.0003,Retirar puntos,0,1
5,20,832,05.020.0001,Consulta y Diagnostico Periodontal (ES),60,1
5,21,833,05.021.0001,Profilaxis Profunda General Sup e Inf (ES),80,1
5,21,834,05.021.0002,Control,0,1
5,22,835,05.022.0001,Gingivitis Localizada o Generalizada (Limpieza profunda)(ESP),110,1
5,22,836,05.022.0002,xxxx,0,1
5,22,837,05.022.0003,xxxx,0,1
5,23,838,05.023.0001,PRIMERA CITA,160,1
5,23,839,05.023.0002,SEGUNDA CITA,0,1
5,23,840,05.023.0003,TERCERA CITA,0,1
5,24,841,05.024.0001,PRIMERA CITA,180,1
5,24,842,05.024.0002,SEGUNDA CITA,0,1
5,24,843,05.024.0003,TERCERA CITA,0,1
5,25,844,05.025.0001,Pulido y Alizado Radicular (cuadrante o 7 piezas),110,1
5,25,845,05.025.0002,xxxx,0,1
5,25,846,05.025.0003,xxxx,0,1
5,25,847,05.025.0004,xxxx,0,1
5,26,848,05.026.0001,Periodontitis Cronica Moderada generalizada X cuadrante 1 cita (ESP),100,1
5,26,849,05.026.0002,xxxx,0,1
5,26,850,05.026.0003,xxxx,0,1
5,26,851,05.026.0004,xxxx,0,1
5,27,852,05.027.0001,Periodontitis Cronica Severa Generalizada X cuadrante 1 pieza (ESP),100,1
5,27,853,05.027.0002,xxxx,0,1
5,27,854,05.027.0003,xxxx,0,1
5,27,855,05.027.0004,xxxx,0,1
5,28,856,05.028.0001,Cirugia x colgajo para pulido y alisado cuadrante o 4 piezas(ESP),220,1
5,28,857,05.028.0002,Control,0,1
5,28,858,05.028.0003,Retirar puntos,0,1
5,29,859,05.029.0001,Cirugia de Acceso de Colocacion de Hueso (ES),350,1
5,29,860,05.029.0002,Control,0,1
5,29,861,05.029.0003,Retirar Puntos,0,1
5,30,862,05.030.0001,Cirugia de acceso para colocar membrana y hueso (ES),600,1
5,30,863,05.030.0002,Control,0,1
5,30,864,05.030.0003,Retirar Puntos,0,1
4,40,865,04.040.0001,Cirugia Exodoncia Restos Rad odontoseccion  erupcionados (ESP),120,1
4,40,866,04.040.0002,Control de Cirugía,0,1
4,40,867,04.040.0003,Retirar Puntos,0,1
4,41,868,04.041.0001,Injerto Oseo (Hueso 1cc),370,1
4,41,869,04.041.0002,Control de Cirugía,0,1
4,41,870,04.041.0003,Retirar Puntos,0,1
4,42,871,04.042.0001,Injerto Oseo (Hueso 1c  Membrana 15x20),570,1
4,42,872,04.042.0002,Control de Cirugia,0,1
4,42,873,04.042.0003,Retirar puntos,0,1
5,31,874,05.031.0001,Terapia de control Periodontal (ESP),90,1
4,43,875,04.043.0001,Injerto de Encia Conectivo,260,1
4,43,876,04.043.0002,Control Cirugia,0,1
4,43,877,04.043.0003,Retirar Puntos,0,1
5,32,878,05.032.0001,Cirugía de Injerto Gingival Pediculado y/o Libre por pieza (ESP),250,1
5,32,879,05.032.0002,Control,0,1
5,32,880,05.032.0003,Retirar puntos,0,1
5,33,881,05.033.0001,Cirugía de Injerto Oseo en Bolsas Infraoseas con implantes por pieza (ESP),300,1
5,33,882,05.033.0002,Retirar Puntos,0,1
5,33,883,05.033.0003,Control,0,1
8,46,884,08.046.0002,Entrega de Trabajo,0,1
5,34,885,05.034.0001,Gingivoplastia por pieza (ESP),90,1
5,34,886,05.034.0002,Control,0,1
5,34,887,05.034.0003,Retirar Puntos,0,1
5,35,888,05.035.0001,Gingivoplastia General de 2  a 6 piezas (ESP),300,1
5,35,889,05.035.0002,Control,0,1
5,35,890,05.035.0003,Retirar Puntos,0,1
5,36,891,05.036.0001,Gingivoplastia con osteotomia 1 pieza (ESP),100,1
5,36,892,05.036.0002,Control,0,1
5,36,893,05.036.0003,Retirar Puntos,0,1
5,37,894,05.037.0001,Gingivoplastia con osteotomia 2 - 6 piezas (ESP),380,1
5,37,895,05.037.0002,Control,0,1
5,37,896,05.037.0003,Retirar Puntos,0,1
5,38,897,05.038.0001,Cirugia Protesica (Alargamiento de Corona) x pieza (ESP),120,1
5,38,898,05.038.0002,Control,0,1
5,38,899,05.038.0003,Retirar Puntos,0,1
5,39,900,05.039.0001,Frenectomia (Labial Lingual) (ESP),150,1
5,39,901,05.039.0002,Control,0,1
5,39,902,05.039.0003,Retirar Puntos,0,1
4,44,903,04.044.0001,Injerto Oseo (Hueso 0 75cc) (ESP),330,1
4,44,904,04.044.0002,Control de cirugia,0,1
4,44,905,04.044.0003,Retirar Puntos,0,1
4,45,906,04.045.0001,Injerto Oseo (Hueso 0 75cc) (membrana) (ESP),520,1
4,45,907,04.045.0002,Control de Cirugia,0,1
4,45,908,04.045.0003,Retirar puntos,0,1
6,67,909,06.067.0001,PLACA DE ACRILICO PARA AJUSTE OCLUSAL,120,1
7,13,910,07.013.0001,Obturacion con MTA,80,1
4,46,911,04.046.0001,Injerto de Hueso en Bloque Osteoviol,500,1
4,46,912,04.046.0002,Control de Cirugia,0,1
4,46,913,04.046.0003,Retirar Puntos,0,1
4,47,914,04.047.0001,Tornillo de Fijación,80,1
12,1,915,12.001.0001,Preparacion del diente carilla,140,1
12,1,916,12.001.0002,Pulida,0,1
12,2,917,12.002.0001,Resultado de diag previo analisis de modelos rx  fotos tomografias  posible trat,100,1
12,3,918,12.003.0001,Restauracion y Pulida,40,1
12,3,919,12.003.0002,Control,0,1
12,4,920,12.004.0001,Restauracion y pulida,60,1
12,4,921,12.004.0002,Control,0,1
12,5,922,12.005.0001,Restauracion y Pulida,80,1
12,5,923,12.005.0002,Control,0,1
4,48,924,04.048.0001,Apicectomia Multiradicular (Esp),400,1
4,48,925,04.048.0002,Control de Cirugia,0,1
4,48,926,04.048.0003,Retirar Puntos,0,1
4,49,927,04.049.0001,Frenectomia Inferior,310,1
4,49,928,04.049.0002,Control de cirugia,0,1
4,49,929,04.049.0003,Retirar Puntos,0,1
3,24,930,03.024.0001,Tallado y toma de impresion,450,1
3,24,931,03.024.0002,Cementacion,0,1
3,24,932,03.024.0003,Prueba,0,1
12,6,933,12.006.0001,Trabajos Dra Allyson Torres,0,1
4,50,934,04.050.0001,Injerto Oseo en bloque   membrana de lenta absorcion,1050,1
4,50,935,04.050.0002,Control de Cirugia,0,1
4,50,936,04.050.0003,Retirar Puntos,0,1
4,51,937,04.051.0001,Injerto Oseo(0.75cc)   membrana de lenta absorcion,770,1
4,51,938,04.051.0002,Control de Cirugia,0,1
4,51,939,04.051.0003,Retirar puntos,0,1
3,25,940,03.025.0001,TALLADO Y TOMA DE IMPRESIÓN,320,1
3,25,941,03.025.0002,CEMENTACION,0,1
3,25,942,03.025.0003,PRUEBA,0,1
9,57,943,09.057.0001,TALLADO  IMPRESIÓN  PROVISIONAL,300,1
9,57,944,09.057.0002,PRUEBA Y MORDIDA,150,1
9,57,945,09.057.0003,CEMENTACION Y PULIDA,0,1
9,57,946,09.057.0004,CONTROL,0,1
10,14,947,10.014.0001,EXTRACCION  HUESO  MEMBRANA E IMPLANTE,1150,1
10,14,948,10.014.0002,RETIRAR PUNTOS,0,1
10,14,949,10.014.0003,CONTROL,0,1
4,52,950,04.052.0001,Injerto Oseo(0.75cc)   membrana de 2mm,600,1
4,52,951,04.052.0002,Control de Cirugia,0,1
4,52,952,04.052.0003,Retirar puntos,0,1
6,68,953,06.068.0001,CONTROL TRATAMIENTO ESTETICO,45,1
4,53,954,04.053.0001,Tratamiento de Alveoitis Simple,40,1
5,40,955,05.040.0001,Limpieza Final de Ortodoncia,30,1
6,69,956,06.069.0001,ADHERIR RECORDATORIO X PIEZA,10,1
6,70,957,06.070.0001,PARA OTRO TIPO DE TRATAMIENTO(CIRUGIA),5,1
6,70,958,06.070.0002,POR TRATAMIENTO DE ORTODONCIA EN CURSO(MAX 4),0,1
7,14,959,07.014.0001,Primera Sesion,90,1
7,14,960,07.014.0002,Segunda Sesion,100,1
7,14,961,07.014.0003,Obturacion,0,1
7,14,962,07.014.0004,Control,0,1
8,50,963,08.050.0001,Impresion,80,1
8,50,964,08.050.0002,Entrega de Trabajo,0,1
8,51,965,08.051.0001,Impresion ,250,1
8,51,966,08.051.0002,Prueba ,0,1
8,51,967,08.051.0003,Entrega ,0,1
8,51,968,08.051.0004,Control ,0,1
9,58,970,09.058.0002,Prueba y mordida,100,1
9,58,971,09.058.0003,Cementacion y pulida,0,1
9,58,972,09.058.0004,Control,0,1
9,59,973,09.059.0001,Impresion,250,1
9,59,974,09.059.0002,Prueba,0,1
9,59,975,09.059.0003,Entrega,0,1
9,59,976,09.059.0004,Control,0,1
9,60,977,09.060.0001,Toma de Impresion y mordida,20,1
9,60,978,09.060.0002,Control,0,1
9,61,979,09.061.0001,Rx  preparacion de raiz  impresion,80,1
9,61,980,09.061.0002,Cementacion y pulida,0,1
9,62,981,09.062.0001,Retiro de poste colado,40,1
6,12,982,06.012.0002,ADHERIR BRACKET METALICO TUBO O BOTON(GARANTIA O REPOSICION),0,1
3,26,983,03.026.0001,Pulida de carillas de 1-3 piezas,30,1
3,27,984,03.027.0001,Pulida de carillas de 4-6 piezas,40,1
9,63,985,09.063.0001,Impresion,100,1
9,63,986,09.063.0002,Pegada de Corona,0,1
9,63,987,09.063.0003,Control,0,1
4,54,988,04.054.0001,Injerto de Encia con tejido Acelular(alloderm 1x1),500,1
4,54,989,04.054.0002,Control de Cirugia,0,1
4,54,990,04.054.0003,Retirar puntos,0,1
10,15,991,10.015.0001,MANTENIMIENTO DE CORONA SOBRE IMPLANTES,50,1
9,64,992,09.064.0001,Tallado  impresion  provisional,350,1
9,64,993,09.064.0002,Prueba y Mordida,0,1
9,64,994,09.064.0003,Cementacion y pulida,0,1
9,64,995,09.064.0004,Control,0,1
4,55,996,04.055.0001,Malla de Titanio mas 2 Tornillos   PRP   PRF,750,1
4,55,997,04.055.0002,Control de Cirugia,0,1
4,55,998,04.055.0003,Control de Cirugia,0,1
6,71,999,06.071.0001,IMPRESION Y REGISTRO DE MORDIDA,80,1
6,71,1000,06.071.0002,DIAGNOSTICO,0,1
6,72,1001,06.072.0001,REPOSICION DE BRACKETS SUPERIOR  PACIENTE CON TRATAMIENTO EN CURSO,80,1
6,73,1002,06.073.0001,REPOSICION DE BRACKETS INFERIOR  PACIENTE CON TRATAMIENTO EN CURSO,80,1
10,16,1003,10.016.0001,GUIA QUIRURGICA,200,1
4,56,1004,04.056.0001,Chincheta de Fijacion Quirurgica,55,1
4,57,1005,04.057.0001,PRP(Plasma Rico en Plaquetas)   PRF(Plasma rico en Fibrina),210,1
4,58,1006,04.058.0001,Elevacion de Seno por Ventana quirurgica,400,1
4,58,1007,04.058.0002,Control de Cirugia,0,1
4,58,1008,04.058.0003,Retirar puntos,0,1
4,59,1009,04.059.0001,Membrana adicional de Pericardio y Fina,180,1
4,60,1010,04.060.0001,Membrana adicional Gruesa,250,1
4,61,1011,04.061.0001,Muestra para estudio histopatologico (biopsia),150,1
4,61,1012,04.061.0002,Control de Cirugia,0,1
4,61,1013,04.061.0003,Retirar Puntos,0,1
4,62,1014,04.062.0001,Explantacion de Implante,220,1
4,62,1015,04.062.0002,Retirar Puntos,0,1
4,62,1016,04.062.0003,Control,0,1
9,65,1017,09.065.0001,Tallado  Impresion  Provisional,250,1
9,65,1018,09.065.0002,Prueba y mordida,100,1
9,65,1019,09.065.0003,Cementacion Pulida,0,1
9,65,1020,09.065.0004,Control,0,1
1,21,1021,01.021.0001,SCANNER,50,1
9,66,1022,09.066.0001,Toma de Impresion,1000,1
9,66,1023,09.066.0002,Prueba,0,1
9,66,1024,09.066.0003,Entrega,0,1
1,22,1025,01.022.0001,MODELO DE ESTUDIO DIGITAL,15,1
3,28,1026,03.028.0001,Corona de resina sobre implantes,250,1
4,63,1027,04.063.0001,Exerecis de Fibroma,200,1
4,63,1028,04.063.0002,Retirar puntos,0,1
4,63,1029,04.063.0003,Control,0,1
10,17,1030,10.017.0001,COLOCACION DE RENTENCION COFIA DE 1-4 UNIDADES,20,1
11,18,1031,11.018.0001,RENTENCION COFIA ROSADO,20,1
9,67,1032,09.067.0001,Reposicion de Piezas sobre Implantes,100,1
6,74,1033,06.074.0001,PLACA MIORELAJANTE 3D (SCAN),280,1
6,74,1034,06.074.0002,ENTREGA Y CONTROL,0,1
6,75,1035,06.075.0001,PLACA MIORELAJANTE 3D (SCAN),180,1
6,75,1036,06.075.0002,ENTREGA Y CONTROL,0,1
