codigo,activo,marca,modelo,serie
0,EQUIPOS ODONTOLOGICOS,NULL,NULL,NULL
NULL,UNIDAD DENTAL,GNATUS,NARANJA,NULL
NULL,SILLON,GNATUS,NARANJA,388750
NULL,LAMPARA,GNATUS,BLANCO ,390492
NULL,ESCUPIDERA,GNATUS,BLANCO,398491
NULL,CUADRIMODULAR,GNATUS,NULL,397159
NULL,TABURETE,GNATUS,NARANJA,4047121009
NULL,SUCCIONADOR,GNATUS,BLANCO,1308364006
NULL,LAMPARA DE FOTOCURADO,LITEX,680A,6834468
NULL,ESTERILIZADOR,STERI-DENT,300(V115-A6),10461
NULL,PIEZA DE MANO TURBINA,NSK,PANA AIR,NULL
NULL,PIEZA DE MANO TURBINA,NSK,PANA III,NULL
NULL,MICROMOTOR BASE,NSK,EX-203,NULL
NULL,PIEZA DE MANO RECTA,NSK,EX-6,NULL
NULL,PIEZA DE MANO CONTRANGULO,NSK,EC,NULL
NULL,CABEZA CONTRANGULO,NSK,NAC,NULL
0,INSTRUMENTALES ODONTOLOGICOS,NULL,NULL,NULL
NULL,EXPLORADORES,MAILLEFER,NULL,NULL
NULL,MANGOS PARA ESPEJO,MAILLEFER,NULL,NULL
NULL,CUCHARILLAS,MAILLEFER,NULL,NULL
NULL,CUCHARILLAS,DYAMOND,NULL,NULL
NULL,CUCHARILLAS,NULL,NEGRAS,NULL
NULL,GUTAPERCHEROS,HU-FRIEDY,TEFLON,NULL
NULL,GUTAPERCHEROS,AMERICAN EAGLE,DORADOS,NULL
NULL,GUTAPERCHEROS,MED/S STAINLESS,ACERO,NULL
NULL,GUATAPERCHEROS  ,MEDIS INOX,ACERO,NULL
NULL,GUATAPERCHEROS  ,DELTA,ACERO,NULL
NULL,GUATAPERCHEROS  ,NULL,NULL,NULL
NULL,GUATAPERCHEROS  PARA HILO /CON RANURA),NULL,RKT 5,NULL
NULL,GUATAPERCHERO Y TALLADOR DE RESINA (2 EN 1),NULL,DENTPTY,NULL
NULL,ATACADORES,DIAMOND,NULL,NULL
NULL,ATACADORES,NULL,NULL,NULL
NULL,ATACADORES DORADOS,STAINLESS,NULL,NULL
NULL,BRUÑIDORES,DIAMOND,NULL,NULL
NULL,BRUÑIDORES,SURGEON,NULL,NULL
NULL,BRUÑIDORES,STAINLESS,NULL,NULL
NULL,ESPATULA DE LECRON,MEDIS INOX,NULL,NULL
NULL,PINZA HEMOSTATICA,DIAMOND,NULL,NULL
NULL,TIJERA PEQUEÑA RECTA,DIAMOND,NULL,NULL
NULL,JERINGA CARPULLE,IMPERIAL,NULL,NULL
NULL,SONDA PERIODONTAL,MEDIS STAINLESS,NULL,NULL
NULL,MANGO PARA BISTURI N°3,ARAIN STAINLESS,NULL,NULL
NULL,APLICADOR DICAL (DICALERO),MEDIS STAINLESS,NULL,NULL
NULL,APLICADOR DE DICAL LARGO,MEDIS,NULL,NULL
NULL,TALLADORES DE AMALGAMA,MEDIS,NULL,NULL
NULL,ESPATULA DE CEMENTO,NULL,NULL,NULL
NULL,CURETA PERIODONTAL M-13;14,MEDIS,DELTA,NULL
NULL,CURETA GRUESA PARA DETARTRAJE,STAINLESS,NULL,NULL
NULL,PINZA ORTODONC. JUNG,NULL,NULL,NULL
NULL,BANDEJA PORTA INSTRUMENTOS,NULL,NULL,NULL
NULL,RIÑON ACERO,POLAR,INOX,NULL
NULL,FRESERO ACERO-INOX,NULL,NULL,NULL
NULL,ALGODONERO GRANDE ACERO,NULL,NULL,NULL
NULL,TAMBOR PEQUEÑO ACERO,NULL,NULL,NULL
NULL,ESPATULA PARA CERA,MEDIS-INOX,NULL,NULL
NULL,ESPATULA PARA CERA,STAINLESS,NULL,NULL
NULL,PINZA ALGODONERA,MEDIS-INOX,METAL ,NULL
NULL,PINZA ALGODONERA,DEPHER,NULL,NULL
NULL,PINZA ALGODONERA,DYAMOND,NULL,NULL
NULL,PINZA ALGODONERA,PAKISTAN,NULL,NULL
NULL,PINZA ALGODONERA,STAINLESS,NULL,NULL
NULL,MECHERO ACERO-INOX,STAINLESS,NULL,NULL
NULL,ESPATULAS YESO,NULL,MEDERA,NULL
NULL,CUCHARILLAS PARA QUEMAR T.C,NULL,NULL,NULL
NULL,PIMPOLLO,KHALA GMB,NULL,NULL
NULL,PORTA MATRICES,TOFLERMING-DIAMOND,NULL,NULL
NULL,PORTA MATRICES,NULL,NULL,NULL
NULL,BAJA PUENTES,NULL,NULL,NULL
NULL,TIJERA  ,MEDIS STAINLESS,NULL,NULL
NULL,BANDEJA DE INSTRUMENTAL REDONDA,NULL,NULL,NULL
NULL,CURETAS,MEDIS-STAINLESS,NULL,NULL
NULL,GAFAS TRANSPARENTES,NULL,NULL,NULL
NULL,GAFAS PARA FOTOCURADO,NULL,NULL,NULL
NULL,MASCARILLA TRANSPARENTE,NULL,NULL,NULL
NULL,LOCETA DE VIDRIO,NULL,NULL,NULL
NULL,TAZAS DE CAUCHO,NULL,NULL,NULL
NULL,PINZA PORTA BABERO,NULL,NULL,NULL
NULL,TIJERA P ARA CORTAR CONET,NULL,NULL,NULL
NULL,TRASPORTADOR,AMALGAMA,NULL,NULL
NULL,GUTAPERCHEROS,IVOCLAR NIUSSAT,OPTROSCULPT,NULL
NULL,PINZA PARA PAPEL ARTICULAR,NULL,NULL,NULL
NULL,JERINGA CARPULLE,SS MEDIDENT,NULL,NULL
0,EQUIPOS DE OFICINA,NULL,NULL,NULL
NULL,REFRIGERADOR PEQUEÑO,GOLDSTAR,BEST ONE,NULL
NULL,RADIOGRABADORA,SHARP,NULL,3040045
NULL,REGULADOR DE VOLTAJE,TRIPP-LITTE,LSI800,60610
0,MUEBLES Y ENSERES DE OFICINA,NULL,NULL,NULL
NULL,MUEBLE CAJONERO GRANDE,OFIMUEBLE,1.5x1 m,NULL
NULL,MUEBLE CAJONERO PEQUEÑO,OFIMUEBLE,1x0.50 m,NULL
NULL,MUEBLE AEREO MEDIANO,OFIMUEBLE,1x0.80 m,NULL
NULL,SILLA METALICA,NULL,CAFÉ,NULL
0,VARIOS,NULL,NULL,NULL
NULL,AMBIENTADOR,QUIDELIT S.A,EX-203,NULL
NULL,DEPOSITO DE BASURA ACERO,NULL,METALICO,NULL
NULL,RELOJ METROCELL,BELLSOUTH,BLANCO,NULL
NULL,DISPENSADOR DE CINTA SCOTH,SDI,0505 AZUL,NULL
NULL,DISPENSADOR DE PAPEL TOALLA,QUIDET S.A,NULL,NULL
NULL,DISPENSADOR DE JABON LIQUIDO,QUIDELIT S.A,NULL,NULL
NULL,ESPEJO DOBLE,NULL,CAFÉ,NULL
NULL,TACHO DE RESIDUO PUNZO CORTANTE,NULL,NULL,NULL
0,EQUIPOS ODONTOLOGICOS,NULL,NULL,NULL
NULL,UNIDAD DENTAL,NULL,NULL,NULL
0,EQUIPOS ODONTOLOGICOS,NULL,NULL,NULL
NULL,UNIDAD DENTAL,NULL,NULL,NULL
NULL,SILLON ,GNATUS AZUL,LANDUS,4326161018
NULL,LAMPARA,GNATUS BLANCA,LANDUS,4326217010
NULL,ESCUPIDERA,GNATUS BLANCA,LANDUS,4326235013
NULL,TRIMODULAR,GNATUS BLANCO,LANDUS,4322063005
NULL,TABURETE,GNATUS AZUL,LANDUS,NULL
NULL,SUCCION,GNATUS,KITBOMBA,4308364007
NULL,LAMPARA DE FOTOCURADO,LITEX68-OA,NULL,6810419
NULL,ESTERILIZADOR,NULL,ES196,911675
NULL,PIEZA DE MANO TURBINA,NSK,MINI,NULL
NULL,PIEZA DE MANO RECTA,NSK,EX-6,NULL
NULL,MICROMOTOR BASE,NSK,EX203,9404743
NULL,PIEZA DE MANO CONTRANGULO,NSK,EC,2899341
NULL,CABEZA CONTRANGULO,NSK,NAC,4249939
0,INSTRUMENTALES ODONTOLOGICOS,NULL,NULL,NULL
NULL,CUCHARILLAS,MAILLEFER,NULL,NULL
NULL,CUCHARILLAS,MEDDIS,NULL,NULL
NULL,GUTAPERCHEROS,AMERICAN EAGLE,NULL,NULL
NULL,GUTAPERCHEROS,PREMIER BALSHI,NULL,1004395
NULL,GUTAPERCHEROS,DIAMOND ,DOBLE,NULL
NULL,ATACADORES,DIAMOND STAINLESS,NULL,NULL
NULL,ATACADORES,MEDDIS INOX,NULL,NULL
NULL,BRUÑIDORES,DIAMOND,NULL,NULL
NULL,BRUÑIDORES,STAINLESS,NULL,NULL
NULL,ESPATULA DE LECRON,NULL,NULL,NULL
NULL,ESPATULA DE CEMENTO,MEDIS- SDAINLESS,NULL,NULL
NULL,JERINGA CARPULLE,SS-MEDIDEN,NULL,NULL
NULL,APLICADOR DICAL (DICALERO),NULL,NULL,NULL
NULL,TALLADORES DE AMALGAMA,DIAMOND,NULL,NULL
NULL,CURETA PERIODONTAL M-13;14,AMERICAN ,NULL,NULL
NULL,BANDEJA PORTA INSTRUMENTOS,NULL,METAL,NULL
NULL,FRESERO ACERO,INOX,NULL,NULL
NULL,ALGODONERO PEQUEÑO ACERO,NULL,NULL,NULL
NULL,TRANSPORTADOR AMALGAMA,NULL,NULL,NULL
NULL,PORTA MATRICES,TOFLEMIRE,NULL,NULL
NULL,PORTA MATRICES,NULL,NULL,NULL
NULL,BAJA PUENTES,NULL,NULL,NULL
NULL,TIJERA  ,MEDIS,NULL,NULL
NULL,BANDEJA DE INSTRUMENTAL REDONDA,NULL,NULL,NULL
NULL,GAFAS TRANSPARENTES,NULL,NULL,NULL
NULL,GAFAS PARA FOTOCURADO,NULL,NULL,NULL
NULL,LOCETA DE VIDRIO,NULL,NULL,NULL
NULL,DISPENSADOR  PLÁSTICO PARA ALGODÓN,DELUXE,NULL,14212
NULL,PUNTAS DE  CAVITRON,DENSPLY,25K,NULL
NULL,PUNTAS DE  CAVITRON,DENSPLY,25K,NULL
NULL,PUNTAS DE  CAVITRON,DENSPLY,25K,NULL
NULL,PUNTAS DE  CAVITRON,NULL,NULL,NULL
NULL,MANGOS PARA ESPEJO,MAILLEFER,NULL,NULL
NULL,PINZA ALGODONERA,MEDIX INOX,NULL,NULL
NULL,EXPLORADORES,MAILLEFER,NULL,NULL
0,EQUIPOS DE OFICINA Y TELEFONÍA,NULL,NULL,NULL
NULL,TELEFONO SONY,NULL,NULL,NULL
NULL,TELÉFONO CENTRAL,PANASONIC,NULL,308
0,MUEBLES Y ENSERES DE OFICINA,NULL,NULL,NULL
NULL,SILLA METALICA,NULL,AZUL,NULL
NULL,ARTURITO DE MADERA,NULL,BLANCO,NULL
NULL,MUEBLE CAJONERO MEDIANO,NULL,BLANCO,NULL
0,VARIOS,NULL,NULL,NULL
NULL,TABLERO ACRILICO,NULL,VERDE,NULL
NULL,BOTIQUIN FELDENE,NULL,BLANCO,NULL
NULL,TACHO DE BASURA PLASTICO,NULL,CELESTE,NULL
NULL,TACHO DE RESIDUOS CORTO PUNZANTE,NULL,ROJO,NULL
0,EQUIPOS DE COMPUTACION Y TELEFONIA,NULL,NULL,NULL
NULL,C.P.U,CLON,PENTIUM IV,NULL
NULL,MONITOR,L.G,55VStudioworks,NULL
NULL,MOUSE,A OPEN,0-75B,NULL
NULL,U.P.S 163583U,TRIPP LITE,OMNISMART,NULL
NULL,IMPRESORA,EPSON,LX-300+,NULL
NULL,PARLANTES,OMEGA,NULL,NULL
NULL,MICROFONO,OMEGA,NULL,NULL
NULL,PROTECTOR DE PANTALLA,NULL,NULL,NULL
NULL,TECLADO ,MICROSOFT,RT9410V56,NULL
NULL, MULTIFUNCION - IMPRESORA-FAX-COPIADORA,LEXMARK,X4270,NULL
NULL,TELEFONO CONMUTADOR,PANASONIC,M-KXT7030  S. 4LBVC2+6388,NULL
NULL,SILLON,GNATUS,ROSADO,4326161005
NULL,LAMPARA,GNATUS,BLANCA,4326217015
NULL,ESCUPIDERA,GNATUS,BLANCA,4323367001
NULL,TRIMODULAR,GNATUS,BLANCO,4319032010
NULL,TABURETE,GNATUS,ROSADO,NULL
NULL,SUCCIONADOR,GNATUS,BLANCO,430836008
NULL,PIEZA DE MANO RECTA,N.S.K,A0521900,NULL
NULL,MICROMOTOR BASE,NSK,EX 203,NULL
NULL,PIEZA DE MANO CONTRANGULO,NSK,EC,NULL
NULL,CABEZA CONTRÁNGULO,NSK,NAC,NULL
NULL,AMALGAMADOR,DENTSPLY,VARIMIXIII,NULL
NULL,LAMPARA DE LUZ ALOGENA,LITEX 680A,1461698 130966 6810419,6828329
NULL,CAVITRON BOBCAT,NULL,NULL,11522458
NULL,ELECTROCAUTERIO,SENSIMATIC,NULL,44664
NULL,CAMARA REVELADORA,PLEXIGLASS,SR3045S,NULL
0,INSTRUMENTALES ODONTOLOGICOS,NULL,NULL,NULL
NULL,NEGATOSCOPIO,NULL,NULL,NULL
NULL,BANDEJAS METALICAS,NULL,NULL,NULL
NULL,PORTA FRESAS METALICAS,NULL,NULL,NULL
NULL,JERINGA CARPULE,MEDIDENT,NULL,NULL
NULL,CAJA ALGODONERA DE METAL,NULL,NULL,NULL
NULL,PINZA PORTA BABERO,NULL,NULL,NULL
NULL,TAMBOR PEQUEÑO PARA GASA,ROFRAIFER,METAL,NULL
NULL,PINZA PORTA PELICULAS GRANDES,STAINLES,NULL,NULL
NULL,GAFAS TRANSPARENTES,ENCOM,NULL,NULL
NULL,GAFAS FOTOCURADO,NULL,NULL,NULL
NULL,GAFAS TRANSPARENTES CON FILO AZUL,NULL,NULL,NULL
NULL,TRANSPORTADOR DE AMALGAMA,NULL,NULL,NULL
NULL,BANDEJAS DE INSTRUMENTAL REDONDA,NULL,NULL,NULL
NULL,MANGOS PARA ESPEJO,MAILLEFER,NULL,NULL
NULL,EXPLORADORES,MAILLEFER,NULL,NULL
NULL,PINZAS ALGODONERAS,JAPONES,NULL,NULL
NULL,PINZAS ALGODONERAS,MEDIS,NULL,NULL
NULL,PUNTAS DE CAVITRÓN,DENTSPLY,NULL,NULL
NULL,PUNTAS DE CAVITRÓN,TDP,NULL,NULL
0,EQUIPO DE COMPUTACION Y TELEFONIA,NULL,NULL,NULL
NULL,TELEFONO DE PARED,SONY,NEGRO,NULL
0,EQUIPO DE OFICINA,NULL,NULL,NULL
NULL,CONDENSADOR DE AIRE ACONDICIONADO,RUUD,VBEA-2400NUBA,NULL
NULL,COMPRESOR DE AIRE ACONDICIONADO,ZEPHYR,VADB-060JAS,NULL
NULL,COMPRESOR DE AIRE ACONDICIONADO,CAMPBELL,T63XWBSS1486,NULL
NULL,BOMBA DE VACÍO,GNATUS,WEG,4319935013
NULL,VENTILADOR INDUSTRIAL,MONTERO,AB-601,NULL
0,MUEBLES Y ENSERES DE OFICINA,NULL,NULL,NULL
NULL,SILLAS AZULES,NULL,NULL,NULL
NULL,MESA AUXILIAR,MADERA ,BLANCA,NULL
NULL,MUEBLE AUX. PEQUEÑO 5 CAJONES,MADERA ,BLANCA,NULL
NULL,MUEBLE AUX. PEQUEÑO,MADERA ,BLANCA,NULL
NULL,AMBIENTADOR,PLASTICO,CREMA,NULL
0,VARIOS,NULL,NULL,NULL
NULL,RELOJ MUELITA,QUARZ,NULL,NULL
NULL,TABLERO ACRILICO,NULL,NULL,NULL
NULL,REGLETA BLANCA,NULL,NULL,NULL
NULL,TACHO DE BASURA ACERO,KITCHEN,METAL,NULL
NULL,MANDIL DE PLOMO,RX OLIVE CRAING,NULL,NULL
NULL,TACHO R. PUNZO CORTANTE,PLASTICA,ROJA,NULL
0,EQUIPOS ODONTOLOGICOS,NULL,NULL,NULL
NULL,UNIDAD DENTAL,NULL,NULL,NULL
NULL,SILLON,GNATUS,LANDIOS GS,4326161010
NULL,LAMPARA,GNATUS,BLANCA,4326217006
NULL,ESCUPIDERA,GNATUS,BLANCA,4324304002
NULL,TRIMODULAR,GNATUS,BLANCO,4319032011
NULL,TABURETE,GNATUS,VERDE,NULL
NULL,SUCCIONADOR,GNATUS,BLANCO,4308364001
NULL,ESTERILIZADOR,STERI-DENT,NULL,8838
NULL,PIEZA DE MANO TURBINA,NSK,PANA AIR,NULL
NULL,MICROMOTOR BASE,NSK,EX 203,NULL
NULL,PIEZA DE MANO RECTA,NSK,EX 6,NULL
NULL,PIEZA DE MANO CONTRANGULO,NSK,EC,NULL
NULL,CABEZA CONTRANGULO,NSK,NAC,NULL
NULL,EQUIPO DE RX,FIAT EXPLOR X,NULL,3271360
0,INSTRUMENTALES ODONTOLOGICOS,NULL,NULL,NULL
NULL,EXPLORADORES,MAILLEFER,NULL,NULL
NULL,CUCHARILLAS,MEDIS INOX,NULL,NULL
NULL,CUCHARILLAS,STAINLESS,NULL,NULL
NULL,CUCHARILLAS,MAILLEFER,NULL,NULL
NULL,GUTAPERCHEROS,DIAMOND,NULL,NULL
NULL,GUTAPERCHEROS,DIAMOND STAINLESS,NULL,NULL
NULL,GUTAPERCHEROS,MEDIS INOX,NULL,NULL
NULL,ESPATULA DE LECRON,NULL,NULL,NULL
NULL,ESPATULA DE CEMENTO,NULL,NULL,NULL
NULL,JERINGA CARPULLE,NULL,NULL,NULL
NULL,SONDA PERIODONTAL,PROBE,2-12 Y,NULL
NULL,MANGO PARA BISTURI N°3,NULL,NULL,NULL
NULL,APLICADOR DICAL (DICALERO),NULL,NULL,NULL
NULL,ESPATULA DE ACERO,NULL,NULL,NULL
NULL,ATACADOR ,NULL,NULL,NULL
NULL,ATACADOR ,MEDIS INOX,NULL,NULL
NULL,ATACADOR ,STAINLESS,NULL,NULL
NULL,ATACADOR ,NULL,NULL,NULL
NULL,CURETA ,MEDIS STAINLESS,B 1/2,NULL
NULL,RIÑON ACERO,NULL,NULL,NULL
NULL,ALGODONERO PEQUEÑO ACERO,NULL,NULL,NULL
NULL,TAMBOR PEQUEÑO ACERO,ROBEIFER,NULL,NULL
NULL,PINZA ALGODONERA,MEDIS INOX,NULL,NULL
NULL,PINZA ALGODONERA,DIAMOND,NULL,NULL
NULL,PINZA ALGODONERA,STAINLESS,NULL,NULL
NULL,PINZA ALGODONERA,PAKISTAN,NULL,NULL
NULL,MECHERO VIDRIO,NULL,NULL,NULL
NULL,CUCHARILLAS PARA QUEMAR T.C,NULL,NULL,NULL
NULL,PORTA MATRICES,DIAMOND,NULL,NULL
NULL,BANDEJA DE INSTRUMENTAL REDONDA,NULL,NULL,NULL
NULL,GAFAS TRANSPARENTES,NULL,NULL,NULL
NULL,LOSETA DE VIDRIO,NULL,NULL,NULL
NULL,TALLADOR DE AMALGAMA,DIAMOND,NULL,NULL
NULL,LOCALIZADOR DE CONDUCTO,PRENIER,YR,1003844
NULL,ESPACIADORES,MAILLEFER,A40,NULL
NULL,ESPACIADORES,MAILLEFER,A30,NULL
NULL,ESPACIADORES,ROEKO,NULL,386002
NULL,ESPACIADORES,PREMIER,SRS 255,1003869
NULL,ESPACIADORES,FRIEDY,RSC 1D11,1
NULL,ARCOS DE YOUNG,NULL,PLASTICO,NULL
NULL,ARCOS DE YOUNG,NULL,METAL,NULL
NULL,DETARTRAMOS,DIAMOND,NULL,NULL
NULL,TIJERA SACA PUNTOS,DIAMOND,NULL,NULL
NULL,PINZA HEMOSTÁTICA,NULL,NULL,NULL
NULL,BANDEJA GRANDE DE ACERO,NULL,NULL,NULL
NULL,ESTERILIZADOR DE LIMAS,NULL,PA17067,NULL
NULL,LUPA GRANDE,TASCO,NULL,NULL
NULL,CAJAS DE ACERO,MAILLEFER,NULL,NULL
NULL,CAJAS DE ACERO,ESTAUNLESS,NULL,NULL
NULL,CAJAS DE ACERO,PERFEX,NULL,NULL
NULL,PORTA CLAN,REDIX INOX,NULL,NULL
NULL,PORTA CLAN,GENERICO,NULL,NULL
NULL,PERFORADORA DE DIQUE DE GOMA,GREY DENT,NULL,NULL
0,Equipo de exodoncia superior,NULL,NULL,NULL
NULL,FORCEP SUPERIOR,NULL,NULL,NULL
NULL,CURETA ,NULL,NULL,NULL
NULL,ELEVADOR RECTO FINO,NULL,NULL,NULL
NULL,ELEVADOR RECTO ANCHO,NULL,NULL,NULL
NULL,SINDESMOTOMO,NULL,NULL,NULL
0,Equipo de exodoncia superior,NULL,NULL,NULL
NULL,FORCEP SUPERIOR,NULL,NULL,NULL
NULL,CURETA ,NULL,NULL,NULL
NULL,ELEVADOR RECTO FINO,NULL,NULL,NULL
NULL,ELEVADOR RECTO ANCHO,NULL,NULL,NULL
NULL,SINDEMOSTOMO,NULL,NULL,NULL
0,Equipo de exodoncia inferior,NULL,NULL,NULL
NULL,FORCEP INFERIOR,NULL,NULL,NULL
NULL,CURETA ,NULL,NULL,NULL
NULL,ELEVADOR RECTO FINO,NULL,NULL,NULL
NULL,ELEVADOR RECTO ANCHO,NULL,NULL,NULL
NULL,SINDESMOTOMO,NULL,NULL,NULL
0,Equipo de exodoncia inferior,NULL,NULL,NULL
NULL,FORCEP INFERIOR,NULL,NULL,NULL
NULL,CURETA ,NULL,NULL,NULL
NULL,ELEVADOR RECTO FINO,NULL,NULL,NULL
NULL,ELEVADOR RECTO ANCHO,NULL,NULL,NULL
NULL,SINDESMOTOMO,NULL,NULL,NULL
0,Equip de exodoncia pediátrica superior,NULL,NULL,NULL
NULL,FORCEPS PEDIATRICO SUPERIOR,NULL,NULL,NULL
NULL,CURETA ,NULL,NULL,NULL
NULL,ELEVADOR RECTO FINO,NULL,NULL,NULL
NULL,ELEVADOR RECTO ANCHO,NULL,NULL,NULL
NULL,SINDESMOTOMO,NULL,NULL,NULL
0,Equip de exodoncia pediátrica inferior,NULL,NULL,NULL
NULL,FORCEPS PEDIATRICO INFERIOR,NULL,NULL,NULL
NULL,CURETA,NULL,NULL,NULL
NULL,ELEVADOR RECTO FINO,NULL,NULL,NULL
NULL,ELEVADOR RECTO ANCHO,NULL,NULL,NULL
NULL,SINDESMOTOMO,NULL,NULL,NULL
0,Equipo elevadores,NULL,NULL,NULL
NULL,ELEVADOR RECTO ANCHO,NULL,NULL,NULL
NULL,ELEVADOR CURVO LARGO 302,NULL,NULL,NULL
NULL,ELEVADOR CURVO LARGO 303,NULL,NULL,NULL
NULL,ELEVADOR CURVO CORTO 4L,NULL,NULL,NULL
NULL,ELEVADOR CURVO CORTO 4R,NULL,NULL,NULL
NULL,ELEVADOR FINO 304,NULL,NULL,NULL
NULL,BAYONETA,NULL,NULL,NULL
0,Equipo Regulador,NULL,NULL,NULL
NULL,GUBIA,NULL,NULL,NULL
NULL,LIMA HUESO,NULL,NULL,NULL
NULL,TIJERA SACA PUNTOS,NULL,NULL,NULL
NULL,PORTA AGUA,NULL,NULL,NULL
NULL,PINZA HEMOSTATICA,NULL,NULL,NULL
NULL,PINZA DISCECCION,NULL,NULL,NULL
NULL,CURETA,NULL,NULL,NULL
0,MUEBLES Y ENSERES DE OFICINA,NULL,NULL,NULL
NULL,MUEBLE CAJONERO GRANDE,NULL,NULL,NULL
NULL,SILLA METALICA,NULL,AZUL,NULL
NULL,REGLETA,NULL,NULL,NULL
0,VARIOS,NULL,NULL,NULL
NULL,AMBIENTADOR,NULL,NULL,NULL
NULL,NEGATOSCOPIO,NULL,NULL,NULL
NULL,DEPOSITO DE BASURA ACERO,KITCHEN,NULL,NULL
NULL,DISPENSADOR DE PAPEL TOALLA,FAMILIA,NULL,NULL
NULL,DISPENSADOR DE JABON LIQUIDO,ZEP,NULL,NULL
NULL,TABLERO ACRILICO,NULL,VERDE,NULL
NULL,TACHO,BASURERITO,ALAMBRE,NULL
NULL,TACHO DE PLASTCO CORTO PUNZANTE,NULL,NULL,NULL
NULL,BASURERITO,BLANCO,METÁLICO,NULL
NULL,NULL,NULL,NULL,NULL
NULL,NULL,NULL,NULL,NULL
NULL,NULL,NULL,NULL,NULL
NULL,NULL,NULL,NULL,NULL
NULL,NULL,NULL,NULL,NULL
NULL,NULL,NULL,NULL,NULL
NULL,NULL,NULL,NULL,NULL
NULL,NULL,NULL,NULL,NULL
NULL,NULL,NULL,NULL,NULL
NULL,NULL,NULL,NULL,NULL
NULL,NULL,NULL,NULL,NULL
NULL,NULL,NULL,NULL,NULL
NULL,NULL,NULL,NULL,NULL
NULL,NULL,NULL,NULL,NULL
NULL,NULL,NULL,NULL,NULL
NULL,NULL,NULL,NULL,NULL
NULL,NULL,NULL,NULL,NULL
NULL,NULL,NULL,NULL,NULL
NULL,NULL,NULL,NULL,NULL
NULL,NULL,NULL,NULL,NULL
NULL,NULL,NULL,NULL,NULL
NULL,NULL,NULL,NULL,NULL
NULL,NULL,NULL,NULL,NULL
NULL,NULL,NULL,NULL,NULL
NULL,NULL,NULL,NULL,NULL
NULL,NULL,NULL,NULL,NULL
NULL,NULL,NULL,NULL,NULL
NULL,NULL,NULL,NULL,NULL
NULL,NULL,NULL,NULL,NULL
NULL,NULL,NULL,NULL,NULL
NULL,NULL,NULL,NULL,NULL
NULL,NULL,NULL,NULL,NULL
NULL,NULL,NULL,NULL,NULL
NULL,NULL,NULL,NULL,NULL
NULL,NULL,NULL,NULL,NULL
NULL,NULL,NULL,NULL,NULL
NULL,NULL,NULL,NULL,NULL
NULL,NULL,NULL,NULL,NULL
NULL,NULL,NULL,NULL,NULL
NULL,NULL,NULL,NULL,NULL
NULL,NULL,NULL,NULL,NULL
NULL,NULL,NULL,NULL,NULL
NULL,NULL,NULL,NULL,NULL
NULL,NULL,NULL,NULL,NULL
NULL,NULL,NULL,NULL,NULL
NULL,NULL,NULL,NULL,NULL
NULL,NULL,NULL,NULL,NULL
NULL,NULL,NULL,NULL,NULL
NULL,NULL,NULL,NULL,NULL
NULL,NULL,NULL,NULL,NULL
NULL,NULL,NULL,NULL,NULL
NULL,NULL,NULL,NULL,NULL
NULL,NULL,NULL,NULL,NULL
NULL,NULL,NULL,NULL,NULL
NULL,NULL,NULL,NULL,NULL
NULL,NULL,NULL,NULL,NULL
NULL,NULL,NULL,NULL,NULL
NULL,NULL,NULL,NULL,NULL
NULL,NULL,NULL,NULL,NULL
NULL,NULL,NULL,NULL,NULL
NULL,NULL,NULL,NULL,NULL
NULL,NULL,NULL,NULL,NULL
NULL,NULL,NULL,NULL,NULL
NULL,NULL,NULL,NULL,NULL
NULL,NULL,NULL,NULL,NULL
NULL,NULL,NULL,NULL,NULL
NULL,NULL,NULL,NULL,NULL
NULL,NULL,NULL,NULL,NULL
NULL,NULL,NULL,NULL,NULL
NULL,NULL,NULL,NULL,NULL
NULL,NULL,NULL,NULL,NULL
NULL,NULL,NULL,NULL,NULL
NULL,NULL,NULL,NULL,NULL
NULL,NULL,NULL,NULL,NULL
NULL,NULL,NULL,NULL,NULL
NULL,NULL,NULL,NULL,NULL
NULL,NULL,NULL,NULL,NULL
NULL,NULL,NULL,NULL,NULL
NULL,NULL,NULL,NULL,NULL
NULL,NULL,NULL,NULL,NULL
NULL,NULL,NULL,NULL,NULL
NULL,NULL,NULL,NULL,NULL
NULL,NULL,NULL,NULL,NULL
NULL,NULL,NULL,NULL,NULL
NULL,NULL,NULL,NULL,NULL
NULL,NULL,NULL,NULL,NULL
NULL,NULL,NULL,NULL,NULL
NULL,NULL,NULL,NULL,NULL
NULL,NULL,NULL,NULL,NULL
NULL,NULL,NULL,NULL,NULL
NULL,NULL,NULL,NULL,NULL
NULL,NULL,NULL,NULL,NULL
NULL,NULL,NULL,NULL,NULL
NULL,NULL,NULL,NULL,NULL
NULL,NULL,NULL,NULL,NULL
NULL,NULL,NULL,NULL,NULL
NULL,NULL,NULL,NULL,NULL
NULL,NULL,NULL,NULL,NULL
NULL,NULL,NULL,NULL,NULL
NULL,NULL,NULL,NULL,NULL
NULL,NULL,NULL,NULL,NULL
NULL,NULL,NULL,NULL,NULL
NULL,NULL,NULL,NULL,NULL
NULL,NULL,NULL,NULL,NULL
NULL,NULL,NULL,NULL,NULL
NULL,NULL,NULL,NULL,NULL
NULL,NULL,NULL,NULL,NULL
NULL,NULL,NULL,NULL,NULL
NULL,NULL,NULL,NULL,NULL
NULL,NULL,NULL,NULL,NULL
NULL,NULL,NULL,NULL,NULL
NULL,NULL,NULL,NULL,NULL
NULL,NULL,NULL,NULL,NULL
NULL,NULL,NULL,NULL,NULL
NULL,NULL,NULL,NULL,NULL
NULL,NULL,NULL,NULL,NULL
NULL,NULL,NULL,NULL,NULL
NULL,NULL,NULL,NULL,NULL
NULL,NULL,NULL,NULL,NULL
NULL,NULL,NULL,NULL,NULL
NULL,NULL,NULL,NULL,NULL
NULL,NULL,NULL,NULL,NULL
NULL,NULL,NULL,NULL,NULL
NULL,NULL,NULL,NULL,NULL
NULL,NULL,NULL,NULL,NULL
NULL,NULL,NULL,NULL,NULL
NULL,NULL,NULL,NULL,NULL
NULL,NULL,NULL,NULL,NULL
NULL,NULL,NULL,NULL,NULL
NULL,NULL,NULL,NULL,NULL
NULL,NULL,NULL,NULL,NULL
NULL,NULL,NULL,NULL,NULL
NULL,NULL,NULL,NULL,NULL
NULL,NULL,NULL,NULL,NULL
NULL,NULL,NULL,NULL,NULL
NULL,NULL,NULL,NULL,NULL
NULL,NULL,NULL,NULL,NULL
0,EQUIPOS DE COMPUTACION Y TELEFONIA,NULL,NULL,NULL
NULL,C.P.U,INTEL INSIDE,NULL,NULL
NULL,MONITOR,SAMSUNG,CQB4147,HCEH900668X
NULL,TECLADO,BTC,NULL,´753622030114
NULL,MOUSE,HURRICANE,NULL,HQXPC9310-12
NULL,PARLANTES,MLI,691H,A961175316
NULL,MICROFONO,GENIUS,NULL,V642
NULL,IMPRESORA,LEXMARK,Z12,NULL
NULL,SCANNER,ACER,6696DQA,9167524DQL02
NULL,SISTEMA OPERATIVO WINDOWS 95,NULL,NULL,NULL
NULL,LICENCIA OFFICE 97,NULL,NULL,NULL
NULL,ADAPTADOR ,SKYNET,DND-3005,17EO3OO
0,EQUIPOS DE OFICINA,NULL,NULL,NULL
NULL,CONDENSADOR DE AIRE ACONDICIONADO,YORK,F2FP060H06G,XHM5257672
NULL,COMPRESOR DE AIRE ACONDICIONADO,YORK,AC060X1022G,W064082750
0,MUEBLES Y ENSERES DE OFICINA,NULL,NULL,NULL
NULL,MESA DE SESIONES ,NULL,MADERA,NULL
NULL,PIZARRA ACRILICA 1.25*0.50,NULL,NULL,NULL
NULL,SILLAS AZULES,NULL,NULL,NULL
0,VARIOS,NULL,NULL,NULL
0,EQUIPOS ODONTOLOGICOS,NULL,NULL,NULL
NULL,UNIDAD DENTAL,NULL,NULL,NULL
NULL,SILLON,GN-ATUS,127V-60HZ,4326161009
NULL,LAMPARA,GN-ATUS,NULL,NULL
NULL,ESCUPIDERA,GN-ATUS,NULL,NULL
NULL,TRIMODULAR,GN-ATUS,ARTUS-S-F,4322063003
NULL,TABURETE,NULL,NULL,NULL
NULL,ESTERILIZADOR,ODONTOBRAS,EL-1.1,240605670
NULL,PIEZA DE MANO TURBINA,NSK,PANA-AIR,NULL
NULL,MICROMOTOR BASE,NSK,EX203,NULL
NULL,PIEZA DE MANO RECTA,NSK,EX-6,NULL
NULL,PIEZA DE MANO CONTRANGULO,NSK,EC,NULL
NULL,CABEZA CONTRANGULO,NSK,NAC,NULL
NULL,SUCCION,STAR-VAC,R2,5594
NULL,PUNTO SOLDADOR,NULL,NULL,NULL
0,INSTRUMENTALES ODONTOLOGICOS,NULL,NULL,NULL
NULL,MANGOS PARA ESPEJOS,MAILEFER,NULL,NULL
NULL,EXPLORADORES,MAILEFER,NULL,NULL
NULL,CUCHARILLAS,MAILEFER,NULL,NULL
NULL,ESPATULA DE LECRON,MEDISINOX,NULL,NULL
NULL,PINZA HEMOSTATICA,NULL,NULL,NULL
NULL,JERINGA CARPULLE,NULL,NULL,NULL
NULL,SONDA PERIODONTAL,NULL,NULL,NULL
NULL,PINZA ALGODONERA,NULL,NULL,NULL
NULL,ESPATULAS YESO,MEDISINOX,NULL,NULL
NULL,GAFAS TRANSPARENTES,NULL,NULL,NULL
NULL,BANDEJAS DE ACERO RECTANGULAR,NULL,NULL,NULL
NULL,FRESERO DE ACERO,NULL,NULL,NULL
NULL,TAMBOR GRANDE,NULL,NULL,NULL
NULL,MECHERO,NULL,VIDRIO,NULL
NULL,ESPÁTULA DE CEMENTO,NULL,NULL,NULL
NULL,ATACADORES,NULL,NULL,NULL
NULL,TIJERAS ,NULL,NULL,NULL
NULL,LOCETAS DE VIDRIO,NULL,NULL,NULL
NULL,BANDEJA RIÑÓN,STAINLESS,NULL,NULL
NULL,FRESERO PEQ. METÁLICO REDONDO,NULL,NULL,NULL
NULL,FRESERO PEQ. METÁLICO CUADRADO,NULL,NULL,NULL
NULL,FRESERO PLÁSTICO RECTANGULAR,SSWHITEBURS,NULL,NULL
NULL,PORTA DESECHOS METÁLICO,NULL,NULL,NULL
NULL,PORTA ALGODÓN METÁLICO,NULL,NULL,NULL
NULL,MECHERO DE VIDRIO TAPA AZUL,NULL,NULL,NULL
0,INSTRUMENTALES DE ORTODONCIA,NULL,NULL,NULL
NULL,PINZA UNIVERSAL,MEDIDENT,NULL,NULL
NULL,DE LA ROSA,DENTAURUM,NULL,NULL
NULL,PINZA SACABANDAS,NULL,N:AO,NULL
NULL,CORTE,NULL,SS MEDIDENT,NULL
NULL,PINZA SACA BRAKETS,DENTAURUM,n:004349,NULL
NULL,CORTE UNIVERSAL,DENTAURUM,N:004-266,NULL
NULL,HAO,NULL,NULL,NULL
NULL,PINZA ESCALERA,NULL,NULL,NULL
NULL,MEDIA CAÑA-MEDIANA,SMOLKD,NULL,NULL
NULL,CORTE DE LIGADURA,SMOLKD,NULL,NULL
NULL,CORTE DISTAL,DENTAURUM,N:003700,NULL
NULL,MEDIA CAÑA ANCHA,SMOLKD,NULL,NULL
NULL,PINZA #139,NULL,NULL,NULL
NULL,TORRE,NULL,NULL,NULL
NULL,PINZA DE MATIUS,NULL,NULL,NULL
NULL,PORTADOR BRAKETS,MORELLI,NULL,NULL
NULL,PUSHER,TOWNE,NULL,NULL
NULL,CORTE DE LIGADURAS,SMOLKD,NULL,NULL
NULL,PINZAS HEMOSTATICAS,DIAMOND,NULL,NULL
NULL,ESTRELLA,NULL,NULL,NULL
NULL,YARABAK,DENTAURUM,NULL,NULL
NULL,YARABAK,NULL,NULL,NULL
NULL,PINZA PARA LIGADURAS,RD INOX 158,NULL,NULL
NULL,LOPEZ OTERO,NULL,NULL,NULL
NULL, TEEW TORQUE ,NULL,NULL,NULL
NULL,TEEW OMEGA,DENTAURUM,NULL,NULL
NULL,TEEW OMEGA,NULL,NULL,NULL
0,Equipo oxodoncia superior,NULL,NULL,NULL
NULL,FORCEP SUPERIOR,NULL,NULL,NULL
NULL,CURETA ,NULL,NULL,NULL
NULL,ELEVADOR RECTO FINO,NULL,NULL,NULL
NULL,ELEVADOR RECTO ANCHO,NULL,NULL,NULL
NULL,SINDESMOTOMO,NULL,NULL,NULL
0,Equipo oxodoncia inferior,NULL,NULL,NULL
NULL,FORCEP INFERIOR,NULL,NULL,NULL
NULL,CURETA ,NULL,NULL,NULL
NULL,ELEVADOR RECTO FINO,NULL,NULL,NULL
NULL,ELEVADOR RECTO ANCHO,NULL,NULL,NULL
NULL,SINDESMOTOMO,NULL,NULL,NULL
0,Equipo exodoncia pediat universal,NULL,NULL,NULL
NULL,FORCEPS PEDIATRICO UNIVERSAL,NULL,NULL,NULL
NULL,CURETA ,NULL,NULL,NULL
NULL,ELEVADOR RECTO FINO,NULL,NULL,NULL
NULL,ELEVADOR RECTO ANCHO,NULL,NULL,NULL
NULL,SINDESMOTOMO,NULL,NULL,NULL
0,Equipo elevadores,NULL,NULL,NULL
NULL,ELEVADOR RECTO FINO,NULL,NULL,NULL
NULL,ELEVADOR RECTO ANCHO,NULL,NULL,NULL
NULL,ELEVADOR CURVO LARGO 302,NULL,NULL,NULL
NULL,ELEVADOR CURVO LARGO 303,NULL,NULL,NULL
NULL,ELEVADOR CURVO CORTO 1R,NULL,NULL,NULL
NULL,ELEVADOR CURVO CORTO 41L,NULL,NULL,NULL
NULL,BAYONETA,NULL,NULL,NULL
0,Equipo Regulador,NULL,NULL,NULL
NULL,GUBIA,NULL,NULL,NULL
NULL,LIMA HUESO,NULL,NULL,NULL
NULL,TIJERA ,NULL,NULL,NULL
NULL,PORTA AGUA,NULL,NULL,NULL
NULL,PINZA HEMOSTATICA,NULL,NULL,NULL
NULL,PINZA DISCECCION,NULL,NULL,NULL
NULL,CURETA,NULL,NULL,NULL
0,Equipo cuerno vaca ,NULL,NULL,NULL
NULL,FORCEP CUERNO VACA,NULL,NULL,NULL
NULL,SINDESMOTOMO,NULL,NULL,NULL
NULL,ELEVADOR RECTO FINO,NULL,NULL,NULL
NULL,ELEVADOR RECTO GRUESO,NULL,NULL,NULL
NULL,CURETA,NULL,NULL,NULL
0,Equipo cirugia completa,NULL,NULL,NULL
NULL,MANGO PARA BISTURI,NULL,NULL,NULL
NULL,SINDESMOTOMO,NULL,NULL,NULL
NULL,SINDESMOTOMO CURVO,NULL,NULL,NULL
NULL,SEPARADOR DE COLGADO,NULL,NULL,NULL
NULL,ELEVADOR RECTO ANCHO,NULL,NULL,NULL
NULL,ELEVADOR RECTO FINO,NULL,NULL,NULL
NULL,ELEVADOR CURVO CORTO 1 R,NULL,NULL,NULL
NULL,ELEVADOR CURVO CORTO 1L ,NULL,NULL,NULL
NULL,ELEVADOR CURVO LARGO 302,NULL,NULL,NULL
NULL,ELEVADOR CURVO LARGO 303,NULL,NULL,NULL
NULL,CURETA,NULL,NULL,NULL
NULL,FORCEPS SUPERIOR 150,NULL,NULL,NULL
NULL,FORCEPS INFERIOR 151,NULL,NULL,NULL
NULL,LIMA HUESO,NULL,NULL,NULL
NULL,PINZA GUBIA,NULL,NULL,NULL
NULL,PINZA DISECCION,NULL,NULL,NULL
NULL,PINZA DIENTE RATON,NULL,NULL,NULL
NULL,PINZA HEMOSTATICA RECTA,NULL,NULL,NULL
NULL,SINDESMOTOMO FINO,NULL,NULL,NULL
NULL,PORTAGUJA,NULL,NULL,NULL
NULL,TIJERA,NULL,NULL,NULL
NULL,PINZA HEMOSTATICA CURVA,NULL,NULL,NULL
0,Equipo cirugia completa,NULL,NULL,NULL
NULL,MANGO BISTURI,NULL,NULL,NULL
NULL,SINDEMOSTOMO,NULL,NULL,NULL
NULL,SEPARADOR COLGAJO DIENTES,NULL,NULL,NULL
NULL,SEPARADOR COLGAJO PEQUEÑO,NULL,NULL,NULL
NULL,SEPARADOR COLGAJO MEDIANO,NULL,NULL,NULL
NULL,ELEVADOR RECTO ANCHO,NULL,NULL,NULL
NULL,ELEVADOR RECTO FINO,NULL,NULL,NULL
NULL,ELEVADOR CURVO CORTO 4R,NULL,NULL,NULL
NULL,ELEVADOR CURVO CORTO 1L ,NULL,NULL,NULL
NULL,ELEVADOR CURVO LARGO 302,NULL,NULL,NULL
NULL,ELEVADOR CURVO LARGO 303,NULL,NULL,NULL
NULL,CURETA,NULL,NULL,NULL
NULL,FORCEP SUPERIOR 150,NULL,NULL,NULL
NULL,FORCEP INFERIOR 150,NULL,NULL,NULL
NULL,LIMA HUESO,NULL,NULL,NULL
NULL,PINZA GUBIA,NULL,NULL,NULL
NULL,PINZA DISCENCCION,NULL,NULL,NULL
NULL,PINZA DIENTE RATON,NULL,NULL,NULL
NULL,PINZA HEMOSTATICA RECTA,NULL,NULL,NULL
NULL,PORTA AGUJA,NULL,NULL,NULL
NULL,TIJERAS,NULL,NULL,NULL
NULL,PINZA HEMOSTATICA CURVA,NULL,NULL,NULL
NULL,SINDEMOSTOMO FINO,NULL,NULL,NULL
0,EQUIPOS DE OFICINA,NULL,NULL,NULL
NULL,TELEFONO INALAMBRICO NEGRO,GE900MHZ,26928GE2-D,40255660
NULL,REGLETA,NULL,NULL,NULL
0,MUEBLES Y ENSERES DE OFICINA,NULL,NULL,NULL
NULL,MUEBLE CAJONERO GRANDE,NULL,NULL,NULL
NULL,SILLA CAFÉ,NULL,NULL,NULL
0,VARIOS,NULL,NULL,NULL
NULL,CAJA DE ENDODONCIA,NULL,NULL,NULL
NULL,CAMARA,ZENIT,12XP,90068073
NULL,CAMARA,ZENIT,12XL,91183277
NULL,FLASH NATIONAL,NULL,PE-145,123665
NULL,FLASH SAKAR,NULL,AUTO-27 B,NULL
NULL,FLASH PANASONIC,NULL,PE-145,NULL
NULL,LENTE PEQUEÑO,NULL,AB4-M52*0.75,NULL
NULL,TUBO NEGRO,CHERRY,M42 SCREW.MT,NULL
NULL,LENTE GRANDE,NULL,MNP-1B,NULL
NULL,ACCESORIO DE CAMARA NEGRA 52MML,NULL,NULL,NULL
NULL,ACCESORIO DE CAMARA NEGRA 52KL,KOREA,NULL,NULL
NULL,RETROPROYECTOR,KODAK,A-645725,NULL
NULL,MALETA,METÁLICA,PLOMA,NULL
NULL,MALETA ,NULL,AZUL,NULL
NULL,BOLSO PEQUEÑO ,NULL,NEGRO,NULL
NULL,BOLSO,NULL,PLOMO,NULL
NULL,CUADRO DEL COTOPAXI,NULL,NULL,NULL
NULL,CUADRO ODONTOLOGICO,NULL,NULL,NULL
NULL,TACHO DE BASURA,NULL,METÁLICO,NULL
0,EQUIPOS DE COMPUTACION Y TELEFONIA,NULL,NULL,NULL
NULL,CPU,INTERPLUS CLON,NULL,NULL
NULL,U.P.S,TRIPP LITE,NULL,NULL
NULL,MONITOR ,"L.G 15""",STUDIOWORS,306DI72363
NULL,PARLANTES,INTERPLUS CLON,NULL,NULL
NULL,"IMPRESORA,SCANNER,COPIADORA",HP 1315,MULTIFUNCION,CN4B5C50Z8
NULL,MOUSE OPTICO ,EXTRATECH,´064010015366,NULL
NULL,TECLADO,A OPEN,NULL,NULL
NULL,CAMARA WEB,GENERICO,NULL,NULL
NULL,PROTECTOR DE PANTALLA,NULL,NULL,NULL
NULL,TELEFONO INALAMBRICO NEGRO,PANASONIC,RX-TG2224LAB,4bbab024298
0,EQUIPOS DE OFICIINA,NULL,NULL,NULL
NULL,CALCULADORA,AURORA,B82,NULL
0,MUEBLES Y ENSERES DE OFICINA,NULL,NULL,NULL
NULL,ESCRITORIO CON VIDRIO,OFIMUEBLE,3 CAJONES,NULL
NULL,SILLAS SECRETARIA AZUL GRANDE,OFIMUEBLE,NULL,NULL
NULL,SILLAS AZULES,OFIMUEBLE,NULL,NULL
NULL,MODULAR 6 CAJONES,NULL,MADERA,NULL
NULL,MODULAR DE MADERA (CAJON),MADERA,NULL,NULL
NULL,ARTURITO B/N,OFIMUEBLE,NULL,NULL
NULL,PERCIANAS 2 MTS * 2MTS,NULL,PLOMO,NULL
0,VARIOS,NULL,NULL,NULL
NULL,RELOJ,CONSUL AMERICANO,NULL,NULL
NULL,TACHO DE BASURA,PYCCA,NULL,NULL
NULL,LETRERITO DE VIDRIO,NULL,NULL,NULL
NULL,REGLETA,NULL,BLANCA,NULL
NULL,PORTAPAPELES,NULL,NULL,NULL
NULL,ESPEJO 100X100 CMTS,NULL,NULL,NULL
NULL,LUPA PARA  RX,NULL,NULL,NULL
0,EQUIPOS DE COMPUTACION  Y TELEFONIA,NULL,NULL,NULL
NULL,MONITOR PANTALLA PLANA,L.G,FLATRON,NULL
NULL,PORTERO ELECTRICO CON CAMARA,FERFISA,NULL,NULL
NULL,TELEFONO MOVISTAR AZUL Y,NULL,TTM-1X,NULL
NULL,CAJA CONTROL NEGRO TEL MOVISTAR,NULL,NULL,NULL
NULL,DATAFAST ELECTRICO,VERIFONE,TRANZ 330,NULL
NULL,IMPRESORA DE VOUCHERS ,VERIFONE,PRINTER 250,NULL
0,EQUIPOS DE OFICINA,NULL,NULL,NULL
NULL,MAQUINA DE BOUCHERS GRIS MANUAL,NBS,NULL,NULL
NULL,MAQUINA MANUAL DE BOUCHERS,NULL,NEGRA,NULL
NULL,CALCULADORA,AURORA,NULL,NULL
NULL,MAQUINA DE ESCRIBIR ELEC.,PANASONIC,KX-R305,NULL
NULL,TELEVISOR CONTROL REMOTO,SONY,14',NULL
NULL,DISPENSADOR DE AGUA  F/C,MABE,ENA004BE1,NULL
NULL,PERFORADORA AZUL PEQUEÑA,EAGLE,METALICO,NULL
NULL,ENGRAPADORA METALLICA,RAPESCO,PORPOISE,NULL
NULL,SELLOS MANUAL,NULL,MADERA,NULL
0,MUEBLES Y ENSERES DE OFICINA,NULL,NULL,NULL
NULL,SILLONES AZULES,OFIMUEBLE,3 PERSONAS,NULL
NULL,SILLONES AZULES,OFIMUEBLE,2 PERSONAS,NULL
NULL,COUNTER DE RECEPCION CON 1 CAJON,OFIMUEBLE,NULL,NULL
NULL,SILLA OFICINA CAFÉ,NULL,NULL,NULL
NULL,SILLA SECRETARIA AZUL,NULL,NULL,NULL
NULL,CORTINAS VERTICALES,NULL,NULL,NULL
NULL,CARTELERA PARA INFORMACION,AZUL,MADERA,NULL
NULL,ARCHIVADOR DE 4 CAJONES,GRIS,MADERA,NULL
NULL,ARTURITO CON 3 CAJONES,NULL,MADERA ,NULL
NULL,ARCHIVADOR 4 CAJONES ,GRIS,METÁLICO,NULL
0,VARIOS,NULL,NULL,NULL
NULL,REGLETA,NULL,ROJA,NULL
NULL,EXTINTOR 5lb,SENTRU,NULL,NULL
NULL,AMBIENTADOR DE PARED,XEP, ,NULL
NULL,TACHO DE BASURA PLASTICO,PYCCA,LINEA PREMIUM,NULL
NULL,BOTELLONES PLASTICOS,ALPINE,NULL,NULL
NULL,TACHITO DE BASURA,NULL,METALICO,NULL
NULL,PORTA TELEVISOR METALICO,NULL,NULL,NULL
NULL,FORROS PARA COMP. PLAST.,NULL,NULL,NULL
NULL,ARCHIVADORES,IDEAL,LEITZN T/O,NULL
NULL,CUADRO,NULL,LEYENDA,NULL
NULL,TACHO DE BASURA PLASTICO,FADERE,ROJO,NULL
NULL,TACHO DE BASURA PLASTICO,NULL,BLANCO,NULL
NULL,MANGUERA,NULL,VERDE,NULL
NULL,PALA,NULL,GRIS,NULL
0,EQUIPOS DE COMPUTACION Y TELEFONIA,NULL,NULL,NULL
NULL,C.P.U,GENERICO,NULL,NULL
NULL,MONITOR,LG,STUDIOWORS,ARSCM350S
NULL,TECLADO,DTK,SPK- 52/S,K6569260002P
NULL,MOUSE,MICROSOFT,PS/2,3882A611
NULL,PARLANTES,MLI,691H,A961175318
NULL,MICROFONO,GENERICO,NULL,NULL
NULL,IMPRESORA,EPSON,LX-300,1LY231051
NULL,SCANNER,ACER,6696-AQA,9167524AQA024
NULL,U.P.S,CDP,NULL,B-UPR505
NULL,SOFTWARE SISTEMA OPERATIVO WIN 98,NULL,NULL,NULL
NULL,LICENCIA OFFICE 97,NULL,NULL,NULL
NULL,PORTERO ELECTRICO,NULL,BLANCO,NULL
0,MUEBLES Y ENSERES DE OFICINA,NULL,NULL,NULL
NULL,MESA PARA COMPUTADOR,NULL,MADERA-CAFÉ,NULL
NULL,MODULAR DE MADERA 2 PUERTAS,NULL,BLANCO,NULL
NULL,MESA DE CENTRO,NULL,NEGRA,NULL
0,VARIOS,NULL,NULL,NULL
NULL,REGLETA,ACE,NULL,NULL
NULL,CUADRO DE LA VIRGEN,NULL,NULL,NULL
NULL,GRABADORA ,SONY,NEGRA,NULL
NULL,CUADRO DE ODONTOLOGIA,ADA,NULL,NULL
NULL,PERFORADORA ,RAPESCO,AZUL,NULL
NULL,GRAPADORA,FADESCO,PORPOISE,NULL
NULL,TACHO DE BASURA ,BLANCO,NULL,NULL
NULL,C.P.U PENTIUM IV,GENERICO,NULL,NULL
NULL,TECLADO NEGRO,A OPEN,549800158B,NULL
NULL,MOUSE OPTICO INALÁMBRICO,A OPEN,NULL,NULL
NULL,CAMARA WEB,CREATIVE,NULL,NULL
NULL,PARLANTES,A OPEN,NULL,NULL
NULL,MICROFONO,CREATIVE,NULL,NULL
NULL,IMPRESORA INJECCION,HP,DESKJET 820,NULL
NULL,U.P.S,CDP,NULL,NULL
NULL,TELEFONO (2 LINEAS),PANASONIC,M:KX-T3175,NULL
,7FBTB1634441,,,NULL
NULL,IDENTIFICADOR DE LLAMADAS,BELL EQUPMENT,TL6189,OO7281
NULL,HUB,D LINK,BDOG43C01110,NULL
0,EQUIPOS DE OFICINA,NULL,NULL,NULL
NULL,SUMADORA AURORA,AURORA,PR-100/2 ,NULL
NULL,PERFORADORA,RAPESCO,NULL,NULL
NULL,GRAPADORA,RAPID,NULL,NULL
NULL,SELLO (ENDOSO DE CHEQUES),NULL,NULL,NULL
0,MUEBLES Y ENSERES DE OFICINA,NULL,NULL,NULL
NULL,MODULAR (LIBRERO),,,NULL
NULL,ARCHIVADOR DE MADERA ,NULL,NULL,NULL
NULL,"ESCRITORIO ""L"" COLOR GRIS CON NEGRO CON CAJONERA 3 ",NULL,NULL,NULL
NULL,SILLAS AZULES,NULL,NULL,NULL
NULL,SILLA DE BRAZOS COLOR AZUL GIRATORIA TIPO SECRETARIA,NULL,NULL,NULL
NULL,MODULAR AEREO COLOR NEGRO CON PUERTA COLOR AZUL,NULL,NULL,NULL
NULL,"COLECCIÓN DE LIBROS ""LA PAREJA Y SU MUNDO""",NULL,NULL,NULL
NULL,ORTODONCIA TECNICA BIOPROGRESIVA DE RICKETTS CONCHO DE VINO,Dr. PAULO ARROBO,NULL,NULL
NULL,ORTHO ORGANIZERS INC,NULL,NULL,NULL
NULL,GUIA DE PRESCRIPCION EN  ODONTOLOGIA,THOMSON PLM,NULL,NULL
NULL,ORTODONCIA CATALOGO N°10,DENTAURUM,NULL,NULL
NULL,ORTODONCIA CATALOGO N°21,DENTAURUM,NULL,NULL
NULL,TEXTO DE ENDODONCIA SEGUNDA EDICION PASTA AZUL CRISTOPHER J.R STOCK,HURCOORT BRACE,NULL,NULL
NULL,TEXTO DE ENDODONCIA PASTA DURA COLOR ROJA TERCERA EDICION,INTERAMERICANA,NULL,NULL
NULL,FUNDAMENTOS DE FARMACOLOGIA MEDICA E.SAMANIEGO,NULL,NULL,NULL
NULL,AMERICAN ORTHODONTICS CATALOGO DE PRODUCTOS,NULL,NULL,NULL
NULL,CATALOGO DE PRODUCTOS ORTODONTICOS N°10,NULL,NULL,NULL
NULL,COLECCIÓN DE PUBLICACION  INTERNACIONAL DE ODONTOLOGIA AÑO 1992,QUINTESSENCE,NULL,NULL
NULL,COLECCIÓN DE PUBLICACION  INTERNACIONAL DE ODONTOLOGIA AÑO 1994,QUINTESSENCE,NULL,NULL
NULL,PERFECCIONAMIENTO U TRATAMIENTO DE DISGNACIAS,Drs.VIVANCO,NULL,NULL
NULL,ENCICLOPEDIA DEL ECUADOR,OCEANO,NULL,NULL
NULL,HOLGORIO/ LITERATURA INFANTIL,YOLANDA/VILLAMAR,NULL,NULL
NULL,COLECCIÓN,,,NULL
NULL,DICCIONARIO ENCICLOPEDICO,EINSA,NULL,NULL
NULL,JUVENTUD EN EXTASIS,CARLOS CUAUHTEMOC,NULL,NULL
NULL,UN GRITO DESESPERADO,CARLOS CUAUHTEMOC,NULL,NULL
NULL,VOLAR SOBRE EL PANTANO,CARLOS CUAUHTEMOC,NULL,NULL
NULL,LA FUERZA DE SHECCID,CARLOS CUAUHTEMOC,NULL,NULL
NULL,JUVENTUD EN EXTASIS 2,CARLOS CUAUHTEMOC,NULL,NULL
NULL,DIAGNOSTICO PRACTICO DE OCLUSION,ESPINOZA D LA SIERRA,NULL,NULL
NULL,APARATOLOGIA ORTODONTICA REMOVIBLE,GRABER NEUMANN,NULL,NULL
NULL,DICCIONARIO DE ESPECIALIDADES FARMACEUTICAS VERSION PARA ODONTOLOGOS,PLM. ECUADOR,NULL,NULL
NULL,GUIA DE FACTURACION,Lic. GILBERTO SANCHEZ,NULL,NULL
NULL,COMO DECLARAR EL IVA,Ec. FULTON ZAMBRANO,NULL,NULL
NULL,DICCIONARIO DE ESPECIALIDADES,,,NULL
NULL,PATALOGIA BUCAL,EDITORIAL EL ATENEO,NULL,NULL
NULL,CIRUGIA MAXILOFACIAL,Dr. MIGUEL TENORIO,NULL,NULL
NULL,EL JOVEN MODERNO Y EL SEXO,Dr. JUAN CABALLERO,NULL,NULL
NULL,EL PLACER DE AMAR,ALEX COMFORT,NULL,NULL
0,VARIOS,NULL,NULL,NULL
NULL,TACHO DE BASURA,NULL,NULL,NULL
NULL,PAPELERA AZUL,METAL,NULL,NULL
NULL,REGLETA,NULL,NULL,NULL
NULL,RELOJ,D ´ MANZO,NULL,NULL
0,EQUIPOS ODONTOLOGICOS,NULL,NULL,NULL
NULL,RECORTADOR DE MODELO,BUFFALO,C4CI7M7G,NULL
NULL,ESMERIL,BALDOR,NULL,NULL
NULL,MAQUINA PARA PLATO RELAJADOR,BUFFALO,ECONO VAC,11791
NULL,PISTOLA LANZA LLAMA,BLAZER,NULL,NULL
NULL,COMPRESOR 50 LIBRAS,NULL,JRL4-0100-PAA,NULL
NULL,AUTO CLAVE BLANCO,ODONTOLOBRAS,19.L,230605234
NULL,VIBRADOR,BUFFALO,POWER RITE,1161515
0,INSTRUMENTALES ODONTOLOGICOS,NULL,NULL,NULL
NULL,VASO DAPPEN,NULL,NULL,NULL
NULL,ESPATULA DE LECRON,NULL,NULL,NULL
NULL,PINZAS ALGODONERAS,MEDIS INOX,NULL,NULL
NULL,TIJERA DE CIRUGIA,NULL,CURVA,NULL
NULL,ESTILETE,NULL,NULL,NULL
NULL,BROCHA APLICADOR DE AISLANTE,NULL,PLASTICA,NULL
NULL,ALICATE CORTE,MEDIDENTAL,UNIVERSAL,NULL
NULL,ALICATE MEDIA CAÑA,STAINLESS GRAND,UNIVERSAL,NULL
NULL,ALICATE ,EUROAPE STAINLES,UNIVERSAL,NULL
NULL,ALICATE YOUNG,MEDIDENT ,NULL,NULL
NULL,SIERRA PARA MODELOS DE YESO,NULL,NULL,NULL
NULL,TAZA DE CAUCHO PARA YESO,NULL,CELESTE,NULL
NULL,ESPATULA PARA YESO,NULL,GENERICO,NULL
NULL,MECHEROS,NULL,METÁLICO,NULL
NULL,CAJAS ACERO GRANDE,NULL,PERFEX,NULL
NULL,CAJAS ACERO PEQUEÑO,NULL,PERFEX,NULL
NULL,CAJAS PLASTICAS PEQUEÑAS,NULL,PYCCA,NULL
NULL,CAJA METÁLICA CON TAPA,NULL,NULL,NULL
NULL,SÓCALOS SUPERIOR E INFERIOR,AMARILLO,NULL,NULL
NULL,SÓCALOS SUPERIOR E INFERIOR,AZUL,NULL,NULL
NULL,SÓCALOS SUPERIOR E INFERIOR,BLANCO,NULL,NULL
NULL,SÓCALO INFERIOR,CELESTE,NULL,NULL
0,MUEBLES Y ENSERES DE OFICINAS,NULL,NULL,NULL
NULL,ARMARIO DE MADERA 6 PUERTAS,NULL,BLANCO,NULL
NULL,MODULAR DE MADERA 11 CAJONES,NULL,BLANCO,NULL
NULL,SILLAS DE MADERAS,NULL,NULL,NULL
NULL,SILLA OFICINA,NULL,CAFÉ,NULL
NULL,BANCO BLANCO,PYCCA,NULL,NULL
0,VARIOS,NULL,NULL,NULL
NULL,CAJA DE MODELOS PLÁSTICA,NULL,NULL,NULL
NULL,REGLETA,NULL,NULL,NULL
NULL,CUADRO DE GUAYASAMIN,NULL,NULL,NULL
NULL,ASPIRADORA,QSP,QPS 225,NULL
NULL,CAJA DE LICENCIAS Y CD INSTALADORES,NULL,NULL,NULL
NULL,TACHO DE BASURA,NULL,CELESTE,NULL
0,CAJA DE HERRAMIENTAS,NULL,NULL,NULL
NULL,CAJA DESTORNILLADOR DE RELOJ,NULL,5 UNIDADES,NULL
NULL,CORTE FRIO,STAINLESS  ,NULL,NULL
NULL,CAUTIL 60w,NULL,NULL,NULL
NULL,LLAVE # 12 Y 13 BOLA,STAINLESS  ,NULL,NULL
NULL,LLAVE # 7/16 - 3/8 BOLA,STAINLESS  ,NULL,NULL
NULL,LLAVE # 10-10,STAINLESS  ,NULL,NULL
NULL,LLAVE # 13-13,STAINLESS  ,NULL,NULL
NULL,LLAVE # 14-14,STAINLESS  ,NULL,NULL
NULL,LIMA TRIANGULAR,NICHOLSON,NULL,NULL
NULL,LLAVE FRANCESA,STAINLESS,NULL,NULL
NULL,MARTILLO,TRAMONTINO,NULL,NULL
NULL,PINZA PUNTOS RETOS,NULL,NULL,NULL
NULL,JUEGO DE LLAVES ,HEXAGNE,21 UNIDADES,NULL
NULL,EXTENSION 3mts,NULL,NULL,NULL
NULL,ESTILETE FINO,WARNING,NULL,NULL
NULL,ESTILETE FINO,NULL,NULL,NULL
NULL,JUEGO DESTORNILLADORES X 6m,STAINLESS,NULL,NULL
NULL,DESTORNILLADOR PEQUEÑO AMARILLO,NULL,NULL,NULL
NULL,ESTILETES AMARILLOS ,NULL,NULL,NULL
NULL,SIERRA AZUL,NULL,NULL,NULL
NULL,MANGUERA BLANCA ,NULL,NULL,NULL
NULL,EQUIPOS ODONTOLOGICOS,NULL,NULL,NULL
NULL,MICROMOTOR ENDODONTICO,TECNIKA,NULL,11838
NULL,MICROMOTOR BASE,TECNIKA,NULL,NULL
NULL,PIEZA DE MANO RECTA,TECNIKA,NULL,NULL
NULL,PIEZA DE MANO CONTRANGULO,TECNIKA,NULL,NULL
NULL,CABEZA CONTRANGULO,TECNIKA,NULL,NULL
NULL,INSTRUMENTALES ODONTOLOGICOS,NULL,NULL,NULL
NULL,VASOS DAPEN VIDRIO,VASOS DAPEN,NULL,NULL
NULL,TAZA DE CAUCHO VERDE,NULL,NULL,NULL
NULL,CAJA METALICA CON TAPA,NULL,NULL,NULL
NULL,ABRE BOCA ,MORELLI,NULL,NULL
NULL,CABEZA CONTRANGULO MICROMOTOR,N.S.K,NULL,NULL
NULL,TACO TURBINA MINI,N.S.K,NULL,NULL
NULL,TACO TURBINA NORMAL,N.S.K,NULL,NULL
NULL,CAJA PORTA ARCOS ACRILICO,NULL,NULL,NULL
NULL,EQUIPOS DE OFICINA,NULL,NULL,NULL
NULL,SWITCH 8 PUERTOS,D-LINK,NULL,NULL
NULL,MUEBLES Y ENSERES DE OFICINA,NULL,NULL,NULL
NULL,PERCHAS DE METAL,NULL,BLANCA,NULL
NULL,MODULAR  8 CAJONES CON VIDRIO,NULL,MAD-CAFÉ,NULL
NULL,BANCO PLASTICO,NULL,NULL,NULL
NULL,VARIOS,NULL,NULL,NULL
NULL,BALANZAS ROJA-BLANCA,NULL,NULL,NULL
NULL,TOPE DE PISO,STANLEY,NULL,NULL
NULL,CERRADURA,TEKNO,NULL,NULL
NULL,TACHO DE BASURA,NULL,EMBASADOR,NULL
